HabHyg,Hip,Hab?,Display Name,Hyg,BayerFlamsteed,Gliese,BD,HD,HR,Proper Name,Spectral Class,Distance,Xg,Yg,Zg,AbsMag
0,0,1,Sol,0,Sol,,,,,Sol,G2V,0,0,0,0,4.85
1,70890,,Proxima Centauri,51418,,Gl 551,,,,Proxima Centauri,M5Ve,1.3,0.9,-0.9,0,15.48901452
2,71681,,Rigel Kentaurus B,51923,Alpha 2 Centauri,Gl 559 B,,128621,5460,Rigel Kentaurus B,K1V,1.3,1,-0.9,0,5.69237068
3,71683,,Rigel Kentaurus A,51926,Alpha 1 Centauri,Gl 559,,128620,5459,Rigel Kentaurus A,G2V,1.3,1,-0.9,0,4.36237068
4,87937,,Barnard's Star,63339,,Gl 699,,,,Barnard's Star,sdM4,1.8,1.5,0.9,0.4,13.24790128
5,0,,Gl 406,86550,,Gl 406,,,-,,M6,2.4,-0.6,-1.2,2,16.55743932
6,54035,,Lalande 21185,40008,,Gl 411,,95735,,Lalande 21185,M2V,2.5,-1.1,-0.1,2.3,10.44864499
7,0,,Gl 65,85891,,Gl 65,,,-,,dM5.5e,2.6,-0.6,0.1,-2.5,15.47291438
8,0,,Gl 65 B,85892,,Gl 65 B,,,-,,dM5.5e,2.6,-0.6,0.1,-2.5,15.60291438
9,0,,Gl 244 B,86261,,Gl 244 B,,,-,,DA2,2.6,-1.8,-1.9,-0.4,11.33439891
10,32349,,Sirius,23440,9 Alpha Canis Majoris,Gl 244,,48915,2491,Sirius,A0m...,2.6,-1.8,-1.9,-0.4,1.464398907
11,92403,,Gl 729,66660,,Gl 729,,,,,M3.5Ve,3,2.9,0.6,-0.5,13.09479628
12,0,,Gl 905,87444,,Gl 905,,,-,,dM6 e,3.2,-1,2.8,-0.9,14.78568497
13,16537,,18 Epsilon Eridani,11608,18 Epsilon Eridani,Gl 144,,22049,1084,,K2V,3.2,-2.1,-0.6,-2.4,6.192055687
14,57548,1,Gl 447,42468,,Gl 447,,,,,M4.5V,3.3,0,-1.7,2.9,13.50256408
15,114046,,Lacaille 9352,82776,,Gl 887,,217987,,Lacaille 9352,M2/M3V,3.3,1.3,0.1,-3,9.7536535
16,0,,Gl 866,87374,,Gl 866,,,-,,M5 e,3.4,1.3,1.4,-2.8,15.00395131
17,0,,Gl 280 B,86315,,Gl 280 B,,,-,,DA,3.5,-2.8,-1.9,0.8,12.98129862
18,37279,,Procyon,27267,10 Alpha Canis Minoris,Gl 280,,61421,2943,Procyon,F5IV-V,3.5,-2.8,-1.9,0.8,2.661298621
19,91772,,Gl 725 B,66187,,Gl 725 B,,173740,,,K5,3.5,0,3.2,1.4,11.9802587
20,104214,,61 Cygni,75661,61 Cygni,Gl 820,,201091,8085,,K5V,3.5,0.5,3.4,-0.4,7.500392855
21,104217,,61 Cygni,75665,61 Cygni,Gl 820 B,,201092,8086,,K7V,3.5,0.5,3.5,-0.4,8.307422009
22,0,,Gl 15 B,85782,,Gl 15 B,,,-,,M6 Ve,3.6,-1.5,3,-1.1,13.29788307
23,0,,GJ 1111,86364,,GJ 1111,,,-,,M6.5,3.6,-2.9,-0.9,1.9,17.01297131
24,1475,,Gl 15,1074,,Gl 15,,1326,,,M1V,3.6,-1.5,3,-1.1,10.31788307
25,8102,,52 Tau Ceti,5668,52 Tau Ceti,Gl 71,,10700,509,,G8V,3.6,-1,0.1,-3.5,5.68009966
26,91768,,Gl 725,66185,,Gl 725,,173739,,,K5,3.6,0,3.3,1.5,11.13796054
27,108870,,Epsilon Indi,79138,Epsilon Indi,Gl 845,,209100,8387,,K5V,3.6,2.2,-1,-2.7,6.892656352
28,36208,1,Luyten's Star,26436,,Gl 273,BD+05°1668,,,Luyten's Star,M5,3.8,-3.2,-2,0.7,11.95192438
29,24186,,Kapteyn's Star,17126,,Gl 191,,33793,,Kapteyn's Star,M0V,3.9,-1.1,-3,-2.3,10.88491382
30,105090,1,Lacaille 8760,76333,,Gl 825,,202560,,Lacaille 8760,M1/M2V,3.9,2.8,0.2,-2.8,8.688775957
31,0,,Gl 860 B,87361,,Gl 860 B,,,-,,M6 V,4,-1,3.9,0,13.28552681
32,110893,,Krüger 60,80592,,Gl 860,,239960,,Krüger 60,M2V,4,-1,3.9,0,11.83552681
33,0,,Gl 234 B,86248,,Gl 234 B,,,-,,,4.1,-3.4,-2.2,-0.4,16.52704817
34,30920,,Gl 234,22323,,Gl 234,,,,,M4.5Ve,4.1,-3.4,-2.2,-0.4,13.05704817
35,0,,GJ 1061,86053,,GJ 1061,,,-,,M4.5,4.3,-0.8,-2.5,-3.4,14.86677961
36,0,,Gl 473,86667,,Gl 473,,,-,,dM5.5eJ,4.3,0.4,-1.3,4.1,14.86931108
37,0,,Gl 473 B,86668,,Gl 473 B,,,-,,M7,4.3,0.4,-1.3,4.1,15.12931108
38,72511,,Gl 563.2B,52487,,Gl 563.2B,,,,,M,4.3,3.3,-1.6,2.1,13.91755585
39,80824,1,BD-12°4523,58133,,Gl 628,BD-12°4523,,,,M4,4.3,3.9,0.2,1.7,11.93080683
40,439,,Gl 1,328,,Gl 1,,225213,,,M2V,4.4,1,-0.3,-4.2,10.34230436
41,3829,,Van Maanen's Star,2671,,Gl 35,,,,Van Maanen's Star,DG,4.4,-1.3,2,-3.7,14.15965094
42,15689,,Hip 15689,11020,,,,,,,,4.4,-2.5,-0.9,-3.5,13.94442971
43,0,,Gl 83.1,85914,,Gl 83.1,,,-,,dM8 e,4.5,-2.6,1.6,-3.2,14.02930041
44,0,,NN 3522,86406,,NN 3522,,,-,,k,4.5,-2.9,-2.4,2.4,12.64124009
45,0,,NN 3618,86533,,NN 3618,,,-,,m,4.5,1.4,-4.3,-0.2,15.65957593
46,0,,NN 3622,86537,,NN 3622,,,-,,M6.5,4.5,-0.5,-3.4,3,17.32196137
47,72509,,Gl 563.2,52486,,Gl 563.2,,,,,M,4.5,3.5,-1.7,2.2,13.38980771
48,85523,1,Gl 674,61538,,Gl 674,,,,,K5,4.5,4.3,-1.3,-0.5,11.0863535
49,86162,,Gl 687,62018,,Gl 687,,,,,M3.5Vvar,4.5,-0.6,3.8,2.4,10.90048702
50,57367,,Gl 440,42347,,Gl 440,,,,,DC:,4.6,2,-4.1,-0.2,13.17628628
51,114110,,Hip 114110,82823,,,,,,,,4.6,1.2,1.7,-4.1,13.91749009
52,0,,GJ 1002,85763,,GJ 1002,,,-,,M5-5.5,4.7,-0.1,1.8,-4.3,15.38985812
53,0,,GJ 1245,87164,,GJ 1245,,,-,,M5.5 V e,4.7,0.9,4.6,0.7,15.0416793
54,0,,GJ 1245 B,87165,,GJ 1245 B,,,-,,m,4.7,0.9,4.6,0.7,15.6416793
55,113020,,Gl 876,82052,,Gl 876,,,,,M5,4.7,1.5,1.9,-4.1,11.80873536
56,0,,Gl 412 B,86558,,Gl 412 B,,,-,,M6 e,4.8,-2.1,0.4,4.3,15.97922222
57,54211,,Gl 412,40129,,Gl 412,,,,,M2Vvar,4.8,-2.1,0.4,4.3,10.31922222
58,0,,Gl 388,86503,,Gl 388,,,-,,M4.5Ve,4.9,-2.3,-1.7,4,10.94708613
59,49908,,Groombridge 1618,36999,,Gl 380,,88230,,Groombridge 1618,K8V,4.9,-2.9,0.7,3.8,8.151098416
60,82725,,Hip 82725,59498,,,,,,,,4.9,4.1,-2.6,-1,13.25758716
61,85605,,Hip 85605,61605,,,,,,,,4.9,2.9,3.2,2.3,12.92416161
62,106440,1,Gl 832,77377,,Gl 832,,204961,,,M1V,4.9,3.3,-0.6,-3.6,10.20244681
63,0,,Gl 166 B,86099,,Gl 166 B,,26976,-,,DA4,5,-3.7,-1.4,-3.1,11.00595645
64,0,,Gl 166 C,86100,,Gl 166 C,,,-,,dM4.5e,5,-3.7,-1.4,-3.1,12.65595645
65,19849,,40 Omicron 2 Eridani,13916,40 Omicron 2 Eridani,Gl 166,,26965,1325,,K1V,5,-3.7,-1.4,-3.1,5.915956445
66,86214,1,Gl 682,62056,,Gl 682,,,,,M5,5,4.9,-1.2,-0.6,12.43683257
67,112460,,Gl 873,81670,,Gl 873,,,,,M4.5Ve,5,-0.9,4.8,-1.1,11.74409351
68,0,,Gl 702 B,87044,,Gl 702 B,,,-,,K5 Ve,5.1,4.3,2.5,1,7.468138459
69,88601,,70 Ophiuchi,63802,70 Ophiuchi,Gl 702,,165341,6752,,K0V SB,5.1,4.3,2.5,1,5.678138459
70,97649,,Altair,70683,53 Alpha Aquilae,Gl 768,,187642,7557,Altair,A7IV-V,5.1,3.4,3.8,-0.8,2.213928062
71,0,,GJ 1116,86401,,GJ 1116,,,-,,m,5.2,-3.7,-1.9,3.1,15.46857485
72,0,,GJ 1116 B,86402,,GJ 1116 B,,,-,,m,5.2,-3.7,-1.9,3.1,16.32857485
73,1242,,GJ 1005,915,,GJ 1005,,,,,M:,5.2,0.1,1.2,-5.1,13.4449222
74,0,,NN 3379,86226,,NN 3379,,,-,,M4,5.4,-4.8,-2.2,-0.9,12.68106427
75,57544,,Gl 445,42464,,Gl 445,,,,,M4,5.4,-2.5,3.4,3.3,12.14148544
76,67155,1,BD+15°2620,48939,,Gl 526,BD+15°2620,119850,,,M3V,5.4,1.6,-0.2,5.2,9.785622766
77,0,,Gl 169.1B,86129,,Gl 169.1B,,,-,,DC5,5.5,-4.6,2.9,0.7,13.73270754
78,21088,,Gl 169.1,14861,,Gl 169.1,,,,,,5.5,-4.6,2.9,0.7,12.37270754
79,33226,1,Hip 33226,24133,,,,265866,,,K:...,5.5,-5.3,-0.3,1.4,11.18222855
80,103039,1,Hip 103039,74799,,,,,,,,5.5,3.9,2.3,-3.1,12.71214588
81,53020,,Gl 402,39291,,Gl 402,,,,,M4:,5.6,-1.5,-2.9,4.6,12.89550239
82,0,,Gl 644 B,86958,,Gl 644 B,,,-,,,5.7,5.3,1,2.1,11.10561468
83,0,,Gl 644 C,86959,,Gl 644 C,,,-,,M7,5.7,5.3,1,2.1,17.98561468
84,0,,Gl 754,87128,,Gl 754,,,-,,M4.5,5.7,5.2,-0.7,-2.3,13.45385881
85,25878,1,BD-03°1123,18345,,Gl 205,BD-03°1123,36395,,,M1V,5.7,-4.8,-2.4,-1.9,9.184105973
86,82817,,Gl 644,59567,,Gl 644,,152751,,,M3Ve,5.7,5.3,1,2.1,10.89561468
87,0,,Gl 251,86267,,Gl 251,,,-,,dM4,5.8,-5.6,-0.3,1.5,11.2077486
88,26857,,Gl 213,19114,,Gl 213,,,,,M5,5.8,-5.6,-1.4,-0.9,12.71746735
89,29295,1,BD-21°1377,20990,,Gl 229,BD-21°1377,42581,,,M1/M2V,5.8,-3.6,-4.1,-1.8,9.332614061
90,86990,1,Gl 693,62623,,Gl 693,,,,,M5,5.8,5.1,-2.4,-1.5,11.92865199
91,96100,,61 Sigma Draconis,69496,61 Sigma Draconis,Gl 764,,185144,7462,,K0V,5.8,-1,5.2,2.1,5.875370691
92,0,,Gl 300,86354,,Gl 300,,,-,,M4,5.9,-2.8,-5.1,0.7,13.25224461
93,0,,Gl 752 B,87126,,Gl 752 B,,,-,,dM5 e,5.9,4.5,3.8,-0.3,18.67556315
94,37766,,Gl 285,27654,,Gl 285,,,,,M4.5Ve,5.9,-4.7,-3.4,1.4,12.33415905
95,73184,,Gl 570,52958,,Gl 570,,131977,5568,,K4V,5.9,4.6,-1.8,3.2,6.893541299
96,76074,1,Gl 588,54906,,Gl 588,,,,,M0,5.9,5.2,-2.7,1.2,10.44325725
97,94761,,Gl 752,68481,,Gl 752,,180617,,,M3.5V,5.9,4.5,3.8,-0.3,10.26556315
98,0,,Gl 34 B,85824,,Gl 34 B,,,-,,K7 V,6,-3.2,5,-0.5,8.63641715
99,0,,36 Ophiuchi,86981,36 Ophiuchi,Gl 663,,155886,6402,,K1 Ve,6,5.9,-0.2,0.7,6.184622333
100,3821,,24 Eta Cassiopeiae,2666,24 Eta Cassiopeiae,Gl 34,,4614,219,,G0V SB,6,-3.2,5,-0.5,4.57641715
101,84405,,36 Ophiuchi,60718,36 Ophiuchi,Gl 663 B,,155885,6401,,K2:III:,6,5.9,-0.2,0.7,6.224622333
102,84478,,Gl 664,60770,,Gl 664,,156026,,,K5V,6,5.9,-0.2,0.7,7.450851758
103,117473,,Gl 908,85152,,Gl 908,,,,,M2V,6,-0.2,3.3,-5,10.10020369
104,0,,NN 3323,86162,,NN 3323,,,-,,m,6.1,-4.9,-2.4,-2.8,13.16093802
105,0,,GJ 1221,87030,,GJ 1221,,,-,,DXP9,6.1,-1,5.2,3.1,15.208272
106,0,,Gl 783 B,87186,,Gl 783 B,,,-,,M3.5,6.1,5.2,0.5,-3.1,12.59057593
107,15510,,82 Eridani,10892,82 Eridani,Gl 139,,20794,1008,,G8V,6.1,-1.1,-3.2,-5,5.347682914
108,71253,1,BD-11°3759,51649,,Gl 555,BD-11°3759,,,,M4,6.1,4.1,-1.6,4.2,12.37772159
109,99240,1,Delta Pavonis,71911,Delta Pavonis,Gl 780,,190248,7665,,G5IV-Vvar,6.1,4.5,-2.6,-3.3,4.630641309
110,99461,,Gl 783,72089,,Gl 783,,191408,7703,,K2V,6.1,5.2,0.5,-3.1,6.410575932
111,0,,NN 3454,86310,,NN 3454,,,-,,m,6.2,-5.1,-3.2,1.4,14.26757507
112,0,,GJ 1128,86468,,GJ 1128,,,-,,m,6.2,1.8,-5.8,-1.3,13.81412938
113,0,,NN 3877,86838,,NN 3877,,,-,,dM8,6.2,5,-2.4,2.8,18.08412938
114,0,,Gl 896 B,87426,,Gl 896 B,,,-,,dM6 e,6.2,-0.7,4.8,-3.9,13.42141406
115,45343,,Gl 338,33545,,Gl 338,,79210,,,M0V,6.2,-4.4,1.2,4.2,8.662072405
116,86961,,Hip 86961,62600,,,,,,,M2V:,6.2,6.2,-0.3,-0.2,11.53448993
117,86963,,Hip 86963,62601,,,,,,,M2V:,6.2,6.2,-0.3,-0.2,12.43448993
118,99701,1,Gl 784,72269,,Gl 784,,191849,,,M0V,6.2,5.2,-0.5,-3.4,9.00642103
119,116132,,Gl 896,84222,,Gl 896,,,,,M6Ve,6.2,-0.7,4.8,-3.9,11.40141406
120,0,,Gl 661 B,86980,,Gl 661 B,,,-,,M3.5,6.3,1.6,4.8,3.7,11.39562057
121,74995,1,BD-07°4003,54185,,Gl 581,BD-07°4003,,,,M5,6.3,4.8,-0.5,4,11.5740757
122,84140,1,BD+45°2505,60536,,Gl 661,BD+45°2505,155876,,,K5,6.3,1.6,4.8,3.7,10.95562057
123,120005,,Gl 338 B,33548,,Gl 338 B,,79211,,,K2,6.3,-4.5,1.2,4.3,8.723531135
124,0,,GJ 2097,86703,,GJ 2097,,,-,,m,6.4,0.7,-0.4,6.4,13.54562299
125,34603,,Gl 268,25198,,Gl 268,,,,,M5Ve,6.4,-6,0.1,2.2,12.47281518
126,54298,,Hip 54298,40195,,,,,,,,6.4,1.9,-6.1,0.7,12.64557761
127,0,,Gl 223.2,86219,,Gl 223.2,,,-,,DZ9,6.5,-5.4,-3.1,-1.6,15.39885478
128,0,,GJ 1156,86649,,GJ 1156,,,-,,dM e,6.5,0.2,-2,6.2,14.73203743
129,82809,,Gl 643,59563,,Gl 643,,,,,M4,6.5,5.9,1.2,2.3,12.73703951
130,114622,,Gl 892,83171,,Gl 892,,219134,8832,,K3Vvar,6.5,-2.2,6.1,-0.4,6.486860717
131,53767,1,Gl 408,39825,,Gl 408,,,,,M3,6.6,-2.3,-1.7,6,10.91430944
132,80459,1,Gl 625,57885,,Gl 625,,,,,M2,6.6,0.6,4.8,4.5,11.02821769
133,0,,Gl 566 B,86831,,Gl 566 B,,,-,,K4 Ve,6.7,3,1.3,5.9,7.839717186
134,72659,,37 Xi Boötis,52586,37 Xi Boötis,Gl 566,,131156,5544,,G8V + K4V,6.7,3,1.3,5.9,5.569717186
135,106106,1,Gl 829,77119,,Gl 829,,,,,M4,6.7,2.2,5.8,-2.7,11.15555933
136,0,,Gl 299,86352,,Gl 299,,,-,,dM5,6.8,-5.2,-3.5,2.5,13.68130858
137,0,,NN 4285,87369,,NN 4285,,,-,,m,6.8,3.7,-2.9,-4.9,12.28658667
138,114176,,Hip 114176,82870,,,,,,,,6.8,2.6,0.6,-6.2,13.13057485
139,0,,Gl 293,86332,,Gl 293,,,-,,DQ9,6.9,1.2,-6.4,-2.3,14.88234266
140,113296,1,BD+15°4733,82242,,Gl 880,BD+15°4733,216899,,,M2:,6.9,0.3,5.4,-4.3,9.480879683
141,0,,Gl 667 B,86989,,Gl 667 B,,,-,,K5 V,7,6.9,-1,0.2,7.983502763
142,0,,Gl 667 C,86990,,Gl 667 C,,,-,,M2.5,7,6.9,-1,0.2,11.02350276
143,84709,,Gl 667,60944,,Gl 667,,156384,6426,,K4V,7,6.9,-1,0.2,7.073502763
144,103096,,Gl 809,74843,,Gl 809,,199305,,,M2V,7,-1,6.8,1.4,9.310676984
145,0,,Gl 105 B,85972,,Gl 105 B,,,-,,dM4.5,7.2,-4.7,1.4,-5.3,12.3706954
146,0,,NN 3737,86672,,NN 3737,,,-,,M4,7.2,3.3,-5.7,3,13.455074
147,0,,GJ 1286,87430,,GJ 1286,,,-,,M5,7.2,0.4,3.7,-6.2,15.39881615
148,12114,,Gl 105,8475,,Gl 105,,16160,753,,K3V,7.2,-4.7,1.4,-5.3,6.530695401
149,51317,1,BD+01°2447,38069,,Gl 393,BD+01°2447,,,,M2,7.2,-2.1,-4.5,5.3,10.34395388
150,0,,NN 4053,87058,,NN 4053,,,-,,m,7.3,-0.7,6.4,3.4,14.16835269
151,83945,,NN 3991,60393,,NN 3991,,,,,M3,7.3,2.1,5.5,4.3,12.49687632
152,0,,GJ 1230,87078,,GJ 1230,,,-,,k-m,7.4,4.2,5.8,1.7,13.06769454
153,0,,GJ 1230 B,87079,,GJ 1230 B,,,-,,m,7.4,4.2,5.8,1.7,14.66769454
154,0,,GJ 2005,85790,,GJ 2005,,,-,,M5.5,7.5,0.7,0.4,-7.5,16.03599038
155,0,,GJ 1224,87045,,GJ 1224,,,-,,m,7.5,7.3,1.8,0.3,14.24435461
156,0,,NN 4274,87348,,NN 4274,,,-,,M4,7.5,3.3,2.8,-6.1,13.88714389
157,2021,1,Beta Hydri,1451,Beta Hydri,Gl 19,,2151,98,,G2IV,7.5,3.3,-4.7,-4.8,3.431955958
158,3765,1,BD+04°123,2628,,Gl 33,BD+04°123,4628,222,,K2V,7.5,-2.1,3.4,-6.3,6.376172096
159,7981,,107 Piscium,5587,107 Piscium,Gl 68,,10476,493,,K1V,7.5,-4.2,3.7,-4.9,5.85406505
160,73182,1,BD-20°4123,52956,,Gl 570 B,BD-20°4123,131976,,,K5V,7.5,5.8,-2.3,4,8.629519842
161,0,,Gl 53 B,85852,,Gl 53 B,,,-,,,7.6,-4.3,6.1,-1,11.60943993
162,0,,NN 3193 B,86003,,NN 3193 B,,,-,,M3,7.6,-3.8,-1.4,-6.5,12.38635648
163,0,,NN 3378,86225,,NN 3378,,,-,,m,7.6,-6.5,3.2,2.2,12.31615728
164,5336,,30 Mu Cassiopeiae,3738,30 Mu Cassiopeiae,Gl 53,,6582,321,,G5Vp,7.6,-4.3,6.1,-1,5.779439926
165,12781,,Gl 109,8959,,Gl 109,,,,,M3.5Ve,7.6,-5.8,3,-3.9,11.17976792
166,65859,1,BD+11°2576,48033,,Gl 514,BD+11°2576,,,,M1V,7.6,2.2,-1.1,7.2,9.638344703
167,113283,,Gl 879,82234,,Gl 879,,216803,8721,,K4Vp,7.6,3.1,0.9,-6.9,7.065361683
168,61874,1,Gl 480.1,45409,,Gl 480.1,,,,,M4,7.7,3.7,-6.2,2.5,12.81838533
169,85295,1,BD+02°3312,61373,,Gl 673,BD+02°3312,157881,,,K7V,7.7,6.6,3,2.6,8.092019464
170,113368,,Fomalhaut,82291,24 Alpha Piscis Austrini,Gl 881,,216956,8728,Fomalhaut,A3V,7.7,3.1,1.1,-7,1.731052641
171,0,,NN 3417,86271,,NN 3417,,,-,,m,7.8,-6.3,3.1,3.2,14.20294855
172,0,,GJ 1093,86275,,GJ 1093,,,-,,m,7.8,-7.3,-2.2,1.4,15.38126459
173,0,,Gl 915,87475,,Gl 915,,,-,,DA5,7.8,2.2,-1.2,-7.4,13.58944013
174,49986,1,BD-03°2870,37056,,Gl 382,BD-03°2870,,,,M3,7.8,-2.5,-5.4,5.1,9.805880195
175,88574,1,BD-03°4233,63780,,Gl 701,BD-03°4233,165222,,,M2V,7.8,7,3.2,1.2,9.920794756
176,91262,,Vega,65795,3 Alpha Lyrae,Gl 721,,172167,7001,Vega,A0Vvar,7.8,2.8,6.8,2.6,0.581769913
177,0,,NN 3789,86734,,NN 3789,,,-,,M4 e,7.9,0.8,1,7.8,12.45185273
178,0,,GJ 1087,86220,,GJ 1087,,,-,,DAP9,8,-7.3,-2.9,-1.3,14.58628655
179,0,,Gl 257 B,86274,,Gl 257 B,,,-,,M3,8,-2.1,-7.4,-2.4,12.17793873
180,0,,Gl 831 B,87272,,Gl 831 B,,,-,,,8,4.5,4.2,-5.1,15.38142089
181,22449,,1 Pi 3 Orionis,15856,1 Pi 3 Orionis,Gl 178,,30652,1543,,F6V,8,-7.2,-1.5,-3.1,3.667590212
182,33499,1,Gl 257,24345,,Gl 257,,,,,M4+...,8,-2.1,-7.4,-2.4,11.97793873
183,80346,,Gl 623,57809,,Gl 623,,,,,M3,8,1.5,5.6,5.6,10.75305432
184,101180,1,Gl 793,73397,,Gl 793,,,,,M3,8,-1.3,7.6,2.1,11.05529395
185,106255,,Gl 831,77240,,Gl 831,,,,,M4e...,8,4.5,4.2,-5.1,12.53142089
186,0,,Gl 66,85896,,Gl 66,,10361,487,,K2 V,8.1,1.4,-3.9,-7,6.245107504
187,0,,GJ 2034,86111,,GJ 2034,,,-,,DA8,8.1,-1.4,-5.6,-5.7,14.80952556
188,0,,GJ 1123,86445,,GJ 1123,,,-,,m,8.1,2.9,-7.1,-2.7,13.54952556
189,0,,Gl 493.1,86699,,Gl 493.1,,,-,,dM5 e,8.1,1.9,-2.3,7.6,13.84599183
190,0,,NN 4063,87072,,NN 4063,,,-,,M3 p,8.1,2.8,7.1,2.8,11.88710843
191,0,,GJ 1276,87392,,GJ 1276,,,-,,DZ9+,8.1,2,4.1,-6.6,16.12060798
192,0,,GJ 1289,87447,,GJ 1289,,,-,,k,8.1,-2.3,7,-3.3,13.01952556
193,4856,,Gl 48,3401,,Gl 48,,,,,M3.5e,8.1,-4.5,6.7,1.3,10.48546128
194,5496,,Gl 54,3850,,Gl 54,,,,,K,8.1,2.6,-4.6,-6.2,10.24705255
195,7751,,p Eridani,5416,,Gl 66 B,,10360,486,p Eridani,K0V,8.1,1.4,-3.9,-7,6.345107504
196,86287,1,BD+18°3421,62111,,Gl 686,BD+18°3421,,,,M1,8.1,5.5,5,3.3,10.06987861
197,89937,,44 Chi Draconis,64810,44 Chi Draconis,Gl 713,,170153,6927,,F7Vvar,8.1,-1.7,6.9,3.8,4.039033878
198,113576,1,Gl 884,82435,,Gl 884,,217357,,,K5/M0V,8.1,2.8,2.1,-7.3,8.325991834
199,0,,GJ 1151,86610,,GJ 1151,,,-,,m,8.2,-2.9,1.8,7.5,13.67823644
200,0,,Gl 518,86742,,Gl 518,,,-,,DZ9,8.2,3.1,-1.8,7.4,15.08535603
201,0,,GJ 1227,87064,,GJ 1227,,,-,,m,8.2,-0.2,7.3,3.8,13.829304
202,0,,Gl 747,87110,,Gl 747,,,-,,M3.5 J,8.2,3.5,7.2,1.6,12.30245235
203,0,,Gl 747 B,87111,,Gl 747 B,,,-,,M5 K,8.2,3.5,7.2,1.6,12.60245235
204,38956,,GJ 1105,28576,,GJ 1105,,,,,M4V,8.2,-7.1,0.2,4,12.44121217
205,62452,1,Gl 486,45781,,Gl 486,,,,,M4,8.2,1.2,-2.1,7.8,11.80787985
206,76901,,Gl 595,55474,,Gl 595,,,,,M5,8.2,7.1,-1.4,3.8,12.29930587
207,93449,,Hip 93449,67478,,,,,,,A5IIevar,8.2,7.8,0,-2.5,11.99734485
208,0,,Gl 232,86245,,Gl 232,,,-,,M4.5,8.3,-8.2,-1.3,0.7,13.45590623
209,20968,,Hip 20968,14769,,,,,,,,8.3,-4.1,-4.6,-5.6,11.82853635
210,0,,Gl 438,86602,,Gl 438,,,-,,K0,8.4,3.2,-7.7,1.4,10.73773481
211,0,,Gl 695 B,87025,,Gl 695 B,,,-,,M3 J,8.4,4.6,6,3.6,10.728647
212,0,,Gl 695 C,87026,,Gl 695 C,,,-,,M4 K,8.4,4.6,6,3.6,11.178647
213,31292,,Hip 31292,22631,,,,,,,,8.4,2.1,-7.1,-3.8,11.79756626
214,61317,1,8 Beta Canum Venaticorum,45037,8 Beta Canum Venaticorum,Gl 475,BD+42°2321,109358,4785,,G0V,8.4,-1.5,1.5,8.1,4.656112552
215,86974,,86 Mu Herculis,62610,86 Mu Herculis,Gl 695,,161797,6623,,G5IV,8.4,4.6,6,3.6,3.798646999
216,0,,NN 3076,85857,,NN 3076,,,-,,m,8.5,-3.7,4.4,-6.2,14.71941004
217,0,,NN 3146,85942,,NN 3146,,,-,,m,8.5,-5.4,2.8,-5.9,16.15308738
218,0,,GJ 1057,86018,,GJ 1057,,,-,,m,8.5,-6.2,0.5,-5.8,14.16124949
219,0,,Gl 185 B,86163,,Gl 185 B,,,-,,,8.5,-5.3,-4.8,-4.6,10.84797053
220,0,,GJ 1154,86641,,GJ 1154,,,-,,m,8.5,0.9,-3.9,7.5,14.09308738
221,0,,Gl 618 B,86921,,Gl 618 B,,,-,,M5 :,8.5,8,-2.5,1.3,14.50996204
222,23452,1,BD-21°1051,16578,,Gl 185,BD-21°1051,32450,,,M0V,8.5,-5.3,-4.8,-4.6,8.807970526
223,64924,1,61 Virginis,47397,61 Virginis,Gl 506,BD-17°3813,115617,5019,,G5V,8.5,4.1,-4.6,5.9,5.086490061
224,80018,,Gl 618,57578,,Gl 618,,,,,M4,8.5,8,-2.5,1.3,10.95996204
225,0,,NN 3517,86395,,NN 3517,,,-,,m,8.6,-4.8,-6.1,3.6,19.13721421
226,0,,Gl 867 B,87375,,Gl 867 B,,,-,,dM4 e,8.6,3.5,2.7,-7.4,11.76685447
227,1599,1,Zeta Tucanae,1161,Zeta Tucanae,Gl 17,,1581,77,,F9V,8.6,3.3,-4.2,-6.8,4.549391764
228,57802,1,BD+36°2219,42631,,Gl 450,BD+36°2219,,,,M1V,8.6,-2.2,0.1,8.3,10.06944403
229,93873,,Gl 745,67819,,Gl 745,,,,,M2,8.6,5.1,6.9,0.9,11.08060453
230,111802,,Gl 867,81200,,Gl 867,,214479,,,M0Vpe,8.6,3.5,2.7,-7.4,9.416854468
231,113229,,Gl 877,82197,,Gl 877,,,,,K,8.6,4.4,-4.9,-5.5,10.72266431
232,0,,Gl 250 B,86266,,Gl 250 B,,,-,,M2,8.7,-6.9,-5.3,-0.3,10.39235596
233,0,,NN 3839,86798,,NN 3839,,,-,,m,8.7,1.8,2.2,8.2,13.4034892
234,14559,,GJ 1054 B,10205,,GJ 1054 B,,,,,,8.7,-3.2,-3,-7.5,13.38838497
235,25578,1,Gl 203,18132,,Gl 203,,,,,M5,8.7,-8.2,-2.1,-2.1,12.78424437
236,27913,,54 Chi 1 Orionis,19922,54 Chi 1 Orionis,Gl 222,,39587,2047,,G0V,8.7,-8.6,-1.3,-0.4,4.711593478
237,32984,1,BD-05°1844,23943,,Gl 250,BD-05°1844,50281,,,K3V,8.7,-6.9,-5.3,-0.3,6.892355964
238,0,,GJ 1103,86325,,GJ 1103,,,-,,m,8.8,-6.6,-5.5,2,13.78071131
239,0,,GJ 1103 B,86326,,GJ 1103 B,,,-,,m,8.8,-6.6,-5.5,2,15.28071131
240,0,,GJ 2069 B,86366,,GJ 2069 B,,,-,,,8.8,-6.8,-3.2,4.4,13.60452426
241,0,,NN 3667,86589,,NN 3667,,,-,,DC8,8.8,-1.8,-2.5,8.2,14.07452426
242,0,,Gl 666 B,86987,,Gl 666 B,,,-,,M0 V,8.8,8.3,-2.7,-0.8,8.970902117
243,0,,Gl 791.2,87198,,Gl 791.2,,,-,,dM6 e,8.8,5,6.7,-2.5,13.33833052
244,23311,,Gl 183,16473,,Gl 183,,32147,1614,,K3V,8.8,-7.1,-3.3,-4,6.494213896
245,31293,,Hip 31293,22626,,,,,,,,8.8,2.2,-7.5,-4,10.63795019
246,84720,,Gl 666,60954,,Gl 666,,156274,6416,,M0V,8.8,8.3,-2.7,-0.8,5.810902117
247,99825,1,Gl 785,72361,,Gl 785,,192310,7722,,K3V,8.8,7.4,2.1,-4.3,6.001724444
248,109388,1,BD-05°5715,79518,,Gl 849,BD-05°5715,,,,M3,8.8,3.5,5.1,-6.2,10.65395274
249,0,,NN 3128,85918,,NN 3128,,,-,,m,8.9,-5.1,2.9,-6.7,15.85609011
250,0,,Gl 283,86317,,Gl 283,,,-,,DZQ6,8.9,-5.2,-7.2,0.4,13.24609011
251,0,,Gl 283 B,86318,,Gl 283 B,,,-,,m,8.9,-5.2,-7.2,0.4,16.66609011
252,0,,Gl 318,86380,,Gl 318,,,-,,DA6,8.9,-2.4,-8.5,0.9,12.13189878
253,0,,NN 3707,86635,,NN 3707,,,-,,m,8.9,1.9,-5.8,6.5,12.30609011
254,0,,NN 3820,86780,,NN 3820,,,-,,K2 :,8.9,5.5,-4,5.8,13.24609011
255,60559,,Gl 465,44523,,Gl 465,,,,,M4,8.9,2.6,-5.8,6.2,11.53614862
256,93899,,Gl 745 B,67835,,Gl 745 B,,349726,,,M2,8.9,5.3,7.1,0.9,11.01193048
257,0,,Gl 51,85846,,Gl 51,,,-,,M5,9,-5.1,7.4,-0.1,13.88465773
258,0,,Gl 216 B,86212,,Gl 216 B,,38392,1982,,K2 V,9,-5.6,-6,-3.7,6.366179577
259,0,,NN 4360,87450,,NN 4360,,,-,,m,9,1.2,2.6,-8.5,14.72661489
260,17378,,23 Delta Eridani,12165,23 Delta Eridani,Gl 150,,23249,1136,,K0IV,9,-6,-2,-6.5,3.748382928
261,27072,,13 Gamma Leporis,19278,13 Gamma Leporis,Gl 216,,38393,1983,,F7V,9,-5.6,-6,-3.7,3.816179577
262,47103,1,Gl 357,34915,,Gl 357,,,,,K,9,-2.3,-8,3.4,11.15462087
263,56528,1,Gl 433,41760,,Gl 433,,,,,M2V,9,2.1,-7.7,4.2,10.04975709
264,108706,,NN 4247,79022,,NN 4247,,,,,,9,1,8.3,-3.2,12.24773717
265,55360,,Gl 424,40967,,Gl 424,,,,,M1Vvar,9.1,-4.4,4.1,6.8,9.515976168
266,66906,,NN 3801,48765,,NN 3801,,,,,M:,9.1,0.8,1.8,8.9,12.17479087
267,82724,,Hip 82724,59497,,,,,,,Mp,9.1,7.5,-4.8,-1.9,12.04845831
268,0,,NN 3421,86279,,NN 3421,,,-,,M4.5,9.2,-8.1,2.3,3.6,13.48912375
269,0,,Gl 442 B,86604,,Gl 442 B,,,-,,,9.2,2.9,-8.1,3.3,15.17173829
270,0,,Gl 451 B,86613,,Gl 451 B,,,-,,,9.2,-2.5,0.5,8.8,12.19131204
271,15457,,96 Kappa 1 Ceti,10860,96 Kappa 1 Ceti,Gl 137,,20630,996,,G5Vvar,9.2,-6.7,0.2,-6.3,5.01071545
272,40501,1,GJ 2066,29769,,GJ 2066,,,,,,9.2,-6.4,-5.7,3,10.29170967
273,57443,,Gl 442,42401,,Gl 442,,102365,4523,,G3/G5V,9.2,2.9,-8.1,3.3,5.071738292
274,57939,,Groombridge 1830,42721,,Gl 451,,103095,4550,Groombridge 1830,G8Vp,9.2,-2.5,0.5,8.8,6.641312036
275,64394,1,43 Beta Comae Berenices,47030,43 Beta Comae Berenices,Gl 502,BD+28°2193,114710,4983,,G0V,9.2,0.5,0.5,9.1,4.451709668
276,105858,,Gamma Pavonis,76933,Gamma Pavonis,Gl 827,,203608,8181,,F6V,9.2,6,-3.7,-6,4.397148691
277,0,,Gl 176,86147,,Gl 176,,,-,,dM2.5e,9.3,-8.9,0,-2.8,10.13502141
278,0,,NN 3380,86229,,NN 3380,,,-,,m,9.3,-8.6,2.6,2.1,14.6330938
279,0,,GJ 1253,87196,,GJ 1253,,,-,,M5,9.3,-0.6,9.1,1.9,14.19906136
280,23512,1,NN 3325,16622,,NN 3325,,,,,K:,9.3,-6.3,-4.8,-4.8,11.85430208
281,23932,1,Gl 190,16938,,Gl 190,,,,,M5,9.3,-6.2,-5,-4.7,10.45299861
282,9724,,Gl 84,6782,,Gl 84,,,,,M3,9.4,-3.1,-0.4,-8.9,10.31529984
283,21932,1,BD+18°683,15471,,,BD+18°683,285968,,,M2,9.4,-9,0,-2.8,10.07980455
284,29277,1,Gl 226,20979,,Gl 226,,,,,M3,9.4,-5.6,6.4,4,10.63532031
285,0,,GJ 1065,86080,,GJ 1065,,,-,,dM4,9.5,-6.8,-1.8,-6.4,12.89387744
286,0,,NN 3306,86141,,NN 3306,,,-,,DQ7,9.5,-7.2,-3.4,-5.3,13.87801358
287,0,,Gl 432 B,86593,,Gl 432 B,,,-,,m,9.5,2.2,-8.2,4.4,15.10263506
288,0,,NN 3988,86972,,NN 3988,,,-,,k-m,9.5,1.5,7.4,5.8,13.6700787
289,9786,1,NN 3135,6821,,NN 3135,,,,,K:...,9.5,-1.8,-2,-9.1,12.26914196
290,47425,1,Gl 358,35165,,Gl 358,,,,,M:,9.5,-0.3,-9.4,1.4,10.86296657
291,56452,,Gl 432,41707,,Gl 432,,100623,4458,,K0V,9.5,2.2,-8.2,4.4,6.082635061
292,56997,,61 Ursae Majoris,42095,61 Ursae Majoris,Gl 434,,101501,4496,,G8Vvar,9.5,-2.7,-0.2,9.1,5.432013605
293,86776,1,BD+43°2796,62466,,Gl 694,BD+43°2796,,,,M3,9.5,2.9,7.7,4.8,10.58399702
294,0,,GJ 1001,85758,,GJ 1001,,,-,,M3.5,9.6,2.5,-1.1,-9.2,12.92933859
295,0,,NN 3253,86082,,NN 3253,,,-,,M4.5,9.6,-8.5,1,-4.5,13.7851667
296,0,,NN 3275,86107,,NN 3275,,,-,,dM4.5e,9.6,-9,0.6,-3.5,12.9851667
297,0,,Gl 633,86947,,Gl 633,,,-,,M3,9.6,8.9,-3.5,0.1,12.77765842
298,0,,GJ 1207,86961,,GJ 1207,,,-,,dM3.5,9.6,8.5,2.3,3.7,12.37350249
299,0,,NN 3855,86819,,NN 3855,,,-,,M6.5,9.7,-1.2,5.7,7.8,17.95050161
300,46655,,GJ 1125,34577,,GJ 1125,,,,,K:...,9.7,-4.7,-6.4,5.5,11.78596021
301,61629,1,Gl 479,45250,,Gl 479,,,,,M3,9.7,4.9,-8.1,1.8,10.7455408
302,0,,Gl 102,85967,,Gl 102,,,-,,M4,9.8,-7.2,4.1,-5.2,13.01149978
303,0,,GJ 1138,86540,,GJ 1138,,,-,,m,9.8,-4.4,-0.6,8.7,13.07149978
304,0,,GJ 1256,87212,,GJ 1256,,,-,,dM4-5,9.8,4.7,8.2,-2.7,13.46446854
305,31635,,Gl 239,22880,,Gl 239,,260655,,,M1:,9.8,-9.4,-2.7,0.8,9.664254802
306,47780,,Gl 367,35430,,Gl 367,,,,,M1:,9.8,0.4,-9.8,1,10.15023153
307,72944,,Gl 569,52775,,Gl 569,,,,,M2Ve,9.8,4.7,1.6,8.5,10.24108401
308,81300,,12 Ophiuchi,58461,12 Ophiuchi,Gl 631,,149661,6171,,K2V,9.8,8.4,2,4.7,5.79874128
309,82003,1,BD+33°2777,58972,,Gl 638,BD+33°2777,151288,,,K7V,9.8,4.3,6.2,6.3,8.160439235
310,86057,1,Gl 680,61946,,Gl 680,,,,,K5,9.8,9.2,-3,-1.5,10.19937817
311,0,,GJ 2012,85812,,GJ 2012,,,-,,DQ9,9.9,-0.1,0.9,-9.9,14.54730266
312,0,,NN 3049,85815,,NN 3049,,,-,,M4,9.9,1.5,-1.9,-9.6,13.12160687
313,71898,,Wo 9492,52076,,Wo 9492,,,,,M3,9.9,-1.9,6.4,7.3,10.8589045
314,84581,,Hip 84581,60845,,,,,,,,9.9,9.2,2.4,2.9,11.10924061
315,102409,,Gl 803,74320,,Gl 803,,197481,,,M1Ve,9.9,7.8,1.7,-6,8.822774041
316,0,,GJ 1028,85850,,GJ 1028,,,-,,m,10,-1.3,1,-9.9,14.46
317,0,,NN 3119,85906,,NN 3119,,,-,,m,10,-4,1.5,-9,14.6
318,0,,NN 3126,85915,,NN 3126,,,-,,M4,10,-6.5,7.6,0.3,11.03
319,0,,NN 3304,86139,,NN 3304,,,-,,m,10,-9.7,1.4,-2.1,12.53
320,0,,NN 3512,86377,,NN 3512,,,-,,m,10,-7.4,3.1,6,15.05433861
321,0,,NN 3959,86934,,NN 3959,,,-,,m+,10,3.1,6.6,6.8,14.79
322,0,,NN 3976,86956,,NN 3976,,,-,,m,10,6,5.4,5.9,14.08
323,0,,NN 4248,87318,,NN 4248,,,-,,M3.5,10,6,0.7,-8,11.8
324,8362,,Gl 75,5846,,Gl 75,,10780,511,,K0V,10,-6.3,7.7,0.3,5.63520529
325,76362,,Hip 76362,55092,,,,,,,,10,6,-7.3,-3.4,11.64782744
326,85665,1,BD+05°3409,61653,,Gl 678.1,BD+05°3409,,,,M1V...,10,8.2,4.5,3.5,9.303688369
327,0,,Gl 22 B,85796,,Gl 22 B,,,-,,dM3.5,10.1,-5.2,8.6,0.8,12.37246561
328,0,,NN 3079,85860,,NN 3079,,,-,,DAwk,10.1,-3.1,3.1,-9.1,14.06817597
329,0,,Gl 609,86901,,Gl 609,,,-,,M3,10.1,5.7,4,7.2,12.54693192
330,2552,,Gl 22,1801,,Gl 22,,,,,M2.5Ve,10.1,-5.2,8.6,0.8,10.35246561
331,4872,1,BD+61°195,3411,,Gl 49,BD+61°195,,,,K5V...,10.1,-5.7,8.3,-0.1,9.547805578
332,29271,1,Alpha Mensae,20973,Alpha Mensae,Gl 231,,43834,2261,,G5V,10.1,2.4,-8.6,-4.9,5.04806279
333,68184,1,BD+62°1325,49626,,,BD+62°1325,122064,5256,,K3V,10.1,-2,5.6,8.2,6.467517851
334,94349,,Gl 748,68171,,Gl 748,,,,,M4,10.1,8,6.2,-0.6,11.06850347
335,0,,Gl 127.1B,86015,,Gl 127.1B,,,-,,,10.2,2,-7,-7,14.69718115
336,0,,NN 3526,86413,,NN 3526,,,-,,m,10.2,-6.7,4.5,6.1,12.61276759
337,0,,GJ 1129,86470,,GJ 1129,,,-,,m,10.2,-2.7,-8.8,4.5,12.55613038
338,0,,NN 3571,86476,,NN 3571,,,-,,m,10.2,-5.7,-3.5,7.7,14.00613038
339,0,,Gl 568 B,86835,,Gl 568 B,,,-,,,10.2,4,2.6,9,12.65236027
340,0,,GJ 1235,87132,,GJ 1235,,,-,,k-m,10.2,5.8,8.3,0.5,13.34497549
341,0,,Gl 799 B,87215,,Gl 799 B,,,-,,dM4.5e,10.2,8.1,1.6,-6.1,10.95169427
342,0,,Gl 852,87340,,Gl 852,,,-,,dM4.5e,10.2,4.1,5.3,-7.7,13.35834504
343,0,,Gl 852 B,87341,,Gl 852 B,,,-,,dM5 e,10.2,4.1,5.3,-7.7,14.35834504
344,14754,,Gl 127.1,10355,,Gl 127.1,,,,,DA,10.2,2,-7,-7,11.36718115
345,21553,1,BD+52°857,15202,,Gl 172,BD+52°857,232979,,,K8V,10.2,-9.1,4.6,0.7,8.568787698
346,50798,,Hip 50798,37663,,,,,,,,10.2,1.5,-10,1.4,11.44989395
347,57087,1,Gl 436,42158,,Gl 436,,,,,M3,10.2,-2.3,-1.4,9.9,10.62013949
348,58345,1,Gl 453,43004,,Gl 453,,103932,,,K4V,10.2,2.7,-8,5.7,6.939672749
349,62556,1,Gl 487,45857,,Gl 487,,,,,M4,10.2,-3.5,5.4,7.9,10.85923027
350,68469,1,BD-01°2892,49807,,Gl 536,BD-01°2892,122303,,,K5,10.2,5.2,-2.4,8.4,9.661883799
351,72896,,Gl 568,52744,,Gl 568,,,,,,10.2,4,2.6,9,12.14236027
352,102141,,Gl 799,74120,,Gl 799,,196982,,,Mpe,10.2,8.1,1.6,-6.1,10.94169427
353,117828,1,Hip 117828,85405,,,,223889,,,M...,10.2,4.7,-6.1,-6.7,9.955637426
354,0,,NN 3182,85990,,NN 3182,,,-,,DC9,10.3,-7.8,6.7,-0.8,15.25385867
355,0,,GJ 1083,86207,,GJ 1083,,,-,,m,10.3,-10.3,-0.5,-0.6,14.77713237
356,0,,Gl 339.1,86432,,Gl 339.1,,,-,,DXP7,10.3,-7.3,2.1,7,13.77713237
357,37826,,Pollux,27698,78 Beta Geminorum,Gl 286,,62509,2990,Pollux,K0IIIvar,10.3,-9.3,-2,4.1,1.068030415
358,83043,1,BD+25°3173,59717,,Gl 649,BD+25°3173,,,,M2,10.3,5.8,6.1,6,9.581618885
359,108782,1,BD+00°4810,79073,,Gl 846,BD+00°4810,209290,,,M0,10.3,3.8,6.9,-6.7,9.113410899
360,0,,NN 3147,85943,,NN 3147,,,-,,m+,10.4,-7.4,5.8,-4.2,15.91488563
361,0,,Gl 170,86130,,Gl 170,,,-,,M4.5,10.4,-9.9,3.2,-1.1,13.81909304
362,0,,GJ 1119,86408,,GJ 1119,,,-,,m,10.4,-7.7,0.9,6.8,13.24488563
363,0,,GJ 1134,86528,,GJ 1134,,,-,,m,10.4,-5.1,-0.3,9.1,12.89587536
364,0,,53 Xi Ursae Majoris,86575,53 Xi Ursae Majoris,Gl 423,,98231,4375,,G0 Ve,10.4,-3.6,-1,9.7,4.241356165
365,0,,53 Xi Ursae Majoris,86576,53 Xi Ursae Majoris,Gl 423 B,,98230,4374,,G0 Ve,10.4,-3.6,-1,9.7,4.711356165
366,0,,Gl 452.1,86618,,Gl 452.1,,,-,,M3.5,10.4,-0.5,-3.9,9.7,12.68361694
367,0,,Gl 508 B,86722,,Gl 508 B,,,-,,,10.4,-1.3,3.6,9.7,9.720610414
368,0,,NN 4071,87084,,NN 4071,,,-,,m,10.4,7.4,7.2,1.5,12.72135617
369,0,,GJ 1265,87334,,GJ 1265,,,-,,m,10.4,4.9,4,-8.3,13.47682755
370,10279,,Gl 87,7159,,Gl 87,,,,,M3V:,10.4,-5.7,2.3,-8.4,9.977680408
371,13402,,Gl 117,9394,,Gl 117,,17925,857,,K1V,10.4,-5.3,-1.1,-8.8,5.948807801
372,65026,,Gl 508,47470,,Gl 508,,115953,,,K0,10.4,-1.3,3.6,9.7,8.860610414
373,0,,NN 3125,85913,,NN 3125,,,-,,m,10.5,-6.3,8.1,2.1,14.00861803
374,0,,NN 3270,86101,,NN 3270,,,-,,dM4 e,10.5,-9.2,-0.7,-5,13.70861803
375,0,,GJ 2036 B,86157,,GJ 2036 B,,,-,,,10.5,-0.8,-8.2,-6.6,12.03861803
376,0,,Gl 352 B,86457,,Gl 352 B,,,-,,,10.5,-3.8,-8.6,4.7,10.68747485
377,0,,NN 3849,86815,,NN 3849,,,-,,dM9,10.5,2.2,3.2,9.8,19.62861803
378,14632,1,Iota Persei,10260,Iota Persei,Gl 124,BD+49°857,19373,937,,G0V,10.5,-8.5,6.1,-1.4,3.937017404
379,45908,1,Gl 341,33986,,Gl 341,,304636,,,M0V,10.5,1.7,-10.3,-1.3,9.397058913
380,46706,,Gl 352,34619,,Gl 352,,,,,M2,10.5,-3.8,-8.6,4.7,10.69747485
381,48714,1,BD+63°869,36117,,Gl 373,BD+63°869,,,,M2,10.5,-6.4,3.8,7.3,8.897741874
382,56244,1,Gl 431,41566,,Gl 431,,,,,M,10.5,2.9,-9.4,3.5,11.41910715
383,0,,NN 3010,85767,,NN 3010,,,-,,m,10.6,-2.7,7.6,-7,13.40563927
384,33142,1,NN 3412,24066,,NN 3412,,,,,M:,10.6,-8.8,4.1,4.3,10.92610123
385,0,,GJ 1232,87116,,GJ 1232,,,-,,k-m,10.7,6.7,8.3,0.7,13.37637924
386,0,,Gl 766,87152,,Gl 766,,,-,,dM4.5 J,10.7,4.9,9.6,0.2,12.7547484
387,0,,Gl 766 B,87153,,Gl 766 B,,,-,,,10.7,4.9,9.6,0.2,13.2447484
388,54532,1,Gl 413.1,40365,,Gl 413.1,,,,,M:,10.7,0.8,-9,5.8,10.29545107
389,79755,,Gl 617,57404,,Gl 617,,147379,,,M0Vvar,10.7,-1.4,8.1,6.8,8.460782679
390,79762,,Gl 617 B,57409,,Gl 617 B,,,,,M3,10.7,-1.4,8.2,6.8,10.56568117
391,86400,1,BD+03°3465,62193,,Gl 688,BD+03°3465,160346,,,K3V,10.7,9,4.8,3.2,6.370804215
392,109119,,Hip 109119,79318,,,,,,,A2,10.7,3,8.2,-6.2,10.06124568
393,115332,1,NN 4333,83673,,NN 4333,,,,,M:,10.7,-0.6,8.1,-7,11.57405805
394,0,,Gl 47,85841,,Gl 47,,,-,,dM2.5e,10.8,-6.1,9,-0.3,10.65835986
395,0,,GJ 1041 B,85910,,GJ 1041 B,,,-,,m,10.8,-5.5,2.7,-8.8,13.84241474
396,0,,Gl 228 B,86237,,Gl 228 B,,,-,,,10.8,-10.2,-3.5,-0.8,12.33703778
397,0,,Gl 635 B,86951,,Gl 635 B,,,-,,K0 V,10.8,5,6.5,7,5.23375832
398,0,,Gl 660 B,86979,,Gl 660 B,,,-,,,10.8,9.5,3.3,3.9,12.03258588
399,0,,Gl 909 B,87461,,Gl 909 B,,,-,,M2,10.8,-5.1,9.2,2.4,11.53493013
400,10644,,8 Delta Trianguli,7415,8 Delta Trianguli,Gl 92,,13974,660,,G0V,10.8,-7.8,6,-4.6,4.693654605
401,14101,,NN 3192,9887,,NN 3192,,,,,,10.8,-5.3,-2,-9.1,10.80171415
402,29316,1,BD+10°1032,21010,,Gl 228,BD+10°1032,,,,M3,10.8,-10.2,-3.5,-0.8,10.41703778
403,62687,1,BD+00°2989,45943,,Gl 488,BD+00°2989,111631,,,M0.5V,10.8,2.7,-4.3,9.5,8.326569591
404,81693,,40 Zeta Herculis,58736,40 Zeta Herculis,Gl 635,,150680,6212,,F9IV,10.8,5,6.5,7,2.74375832
405,83591,,Gl 653,60141,,Gl 653,,154363,,,K5V,10.8,9.7,2.7,3.8,7.571947709
406,84123,1,Gl 660,60523,,Gl 660,,,,,G,10.8,9.5,3.3,3.9,11.88258588
407,117712,,Gl 909,85322,,Gl 909,,223778,9038,,K3V,10.8,-5.1,9.2,2.4,6.234930126
408,0,,NN 3928,86892,,NN 3928,,,-,,m,10.9,3.9,5.8,8.3,13.49893914
409,0,,GJ 1236,87133,,GJ 1236,,,-,,m,10.9,8,7.4,-0.7,12.15710547
410,0,,NN 4281,87362,,NN 4281,,,-,,M6.5,10.9,4.3,4.8,-8.8,16.95657756
411,10138,,Gl 86,7059,,Gl 86,,13445,637,,K0V,10.9,0.5,-5.1,-9.6,5.930188433
412,16536,1,Gl 145,11607,,Gl 145,,,,,,10.9,-2,-6.2,-8.7,11.30011896
413,37217,1,NN 3459,27216,,NN 3459,,,,,M2,10.9,-5.9,-9.1,0.1,11.5224767
414,57757,,5 Beta Virginis,42598,5 Beta Virginis,Gl 449,,102870,4540,,F8V,10.9,0,-5.3,9.5,3.422793679
415,66459,1,BD+36°2393,48454,,Gl 519,BD+36°2393,,,,M9,10.9,0.6,2.4,10.6,8.85232023
416,0,,GJ 1004,85768,,GJ 1004,,,-,,DA8,11,-4.8,9.6,-2.3,14.14803644
417,0,,NN 3210,86021,,NN 3210,,,-,,DZ7,11,-0.1,-6.7,-8.7,14.54520696
418,0,,GJ 1086,86217,,GJ 1086,,,-,,DQP8,11,-9.7,-4.7,-2.6,14.3332429
419,0,,Gl 545,86803,,Gl 545,,,-,,M4,11,6.8,-3,8.1,12.69759188
420,0,,GJ 1238,87137,,GJ 1238,,,-,,m+,11,-3,9.6,4.5,15.15803644
421,57050,1,GJ 1148,42131,,GJ 1148,,,,,M5,11,-3.7,1.3,10.3,11.68707857
422,82257,,GJ 1206,59154,,GJ 1206,,,,,DA,11,0.2,8.6,6.9,12.02830685
423,0,,Gl 63,85889,,Gl 63,,,-,,dM3,11.1,-7,8.5,-1,10.96843875
424,0,,NN 3140,85932,,NN 3140,,,-,,dM4,11.1,-6.7,3.6,-8.1,12.49121255
425,0,,NN 3396,86250,,NN 3396,,,-,,m,11.1,-10.7,1.3,2.7,14.60121255
426,0,,NN 3592,86501,,NN 3592,,,-,,DZ9,11.1,2.4,-10.9,0.1,14.87121255
427,0,,NN 4078,87091,,NN 4078,,,-,,m,11.1,9.6,-3.8,-4.2,12.47121255
428,0,,GJ 1277,87396,,GJ 1277,,,-,,M4,11.1,5.7,-3.9,-8.7,13.85121255
429,3093,1,54 Piscium,2184,54 Piscium,Gl 27,BD+20°85,3651,166,,K0V,11.1,-4.1,7.3,-7.4,5.621936251
430,8768,1,Gl 79,6106,,Gl 79,,11507,,,K5/M0V,11.1,-2.7,-0.9,-10.7,8.675310348
431,21556,1,BD-11°916,15205,,Gl 173,BD-11°916,,,,M1,11.1,-8.1,-4.2,-6.3,10.13675479
432,42808,,Gl 320,31578,,Gl 320,,74576,,,K2V,11.1,-2,-10.9,0.4,6.325898005
433,57632,,Denebola,42525,94 Beta Leonis,Gl 448,,102647,4534,Denebola,A3Vvar,11.1,-1.2,-3.4,10.5,1.915069515
434,70975,,Gl 553.1,51473,,Gl 553.1,,,,,M4,11.1,7.4,-3.1,7.7,11.68541422
435,78072,,41 Gamma Serpentis,56242,41 Gamma Serpentis,Gl 603,,142860,5933,,F6V,11.1,6.9,3.6,8,3.619281491
436,83599,,Gl 654,60148,,Gl 654,,,,,M0V,11.1,10,2.8,4,9.843962215
437,88972,1,BD+38°3095,64087,,Gl 706,BD+38°3095,166620,6806,,K2V,11.1,4.2,9.2,4.5,6.173864948
438,93101,1,BD+05°3993,67204,,Gl 740,BD+05°3993,176029,,,M2V,11.1,8.6,7,0.2,8.991695043
439,0,,Gl 107 B,85984,,Gl 107 B,,,-,,M1 V,11.2,-8.6,6.9,-1.9,9.807681867
440,0,,Gl 356 B,86461,,Gl 356 B,,,-,,,11.2,-7.4,-1.1,8.3,12.75790172
441,0,,Gl 505 B,86718,,Gl 505 B,,,-,,M1 V,11.2,2.1,-1,11,9.348657262
442,0,,Gl 537,86784,,Gl 537,,,-,,dM3 e,11.2,-0.1,4.5,10.3,9.59938852
443,0,,Gl 537 B,86785,,Gl 537 B,,,-,,dM3 e,11.2,-0.1,4.5,10.3,9.69938852
444,0,,GJ 1187,86842,,GJ 1187,,,-,,m,11.2,-0.5,6.7,8.9,15.28668759
445,0,,NN 3967,86948,,NN 3967,,,-,,m,11.2,9.3,2.9,5.5,13.44425729
446,0,,NN 4065,87075,,NN 4065,,,-,,M3.5,11.2,8,7.6,1.8,12.20695003
447,0,,Gl 754.1B,87130,,Gl 754.1B,,,-,,dM5,11.2,9.6,5.4,-1.9,11.86890104
448,12777,,13 Theta Persei,8956,13 Theta Persei,Gl 107,,16895,799,,F7V,11.2,-8.6,6.9,-1.9,3.877681867
449,22738,,GJ 2036,16063,,GJ 2036,,,,,M2Ve,11.2,-0.9,-8.7,-7,10.88838719
450,47080,,11 Leonis Minoris,34895,11 Leonis Minoris,Gl 356,,82885,3815,,G8IV-V,11.2,-7.4,-1.1,8.3,5.167901725
451,48331,1,Gl 370,35845,,Gl 370,,85512,,,K5V,11.2,0.3,-11,1.6,7.403235849
452,64797,,Gl 505,47309,,Gl 505,,115404,,,K2V,11.2,2.1,-1,11,6.338657262
453,95071,,Gl 754.1,68722,,Gl 754.1,,,,,DAw...,11.2,9.6,5.4,-1.9,12.02890104
454,0,,Gl 325,86393,,Gl 325,,75632,-,,K5 V,11.3,-7.4,5.5,6.6,8.432261325
455,0,,Gl 325 B,86394,,Gl 325 B,,,-,,K6 V,11.3,-7.4,5.5,6.6,8.632261325
456,8051,1,Gl 70,5633,,Gl 70,,,,,M2V:,11.3,-5.2,3.4,-9.3,10.67353154
457,67927,,8 Eta Boötis,49456,8 Eta Boötis,Gl 534,,121370,5235,,G0IV,11.3,3.3,0.3,10.8,2.406604204
458,69673,,Arcturus,50628,16 Alpha Boötis,Gl 541,,124897,5340,Arcturus,K2IIIp,11.3,3.9,1,10.5,-0.356712839
459,91699,1,NN 4070,66133,,NN 4070,,,,,M4,11.3,5.3,9.6,3.1,10.99586523
460,0,,NN 3149 B,85944,,NN 3149 B,,,-,,M4,11.4,-2.4,-2.8,-10.7,12.72241336
461,0,,NN 4048,87053,,NN 4048,,,-,,m,11.4,4.2,9.6,4.4,11.59241336
462,0,,NN 4049 B,87054,,NN 4049 B,,,-,,m,11.4,4.2,9.6,4.4,13.25241336
463,26335,1,BD+11°878,18704,,Gl 208,BD+11°878,245409,,,K7,11.4,-10.8,-2.7,-2.2,8.519944375
464,29052,1,Hip 29052,20798,,,,,,,,11.4,-6.6,-8.4,-4,11.58351184
465,36626,,Gl 277 B,26754,,Gl 277 B,,,,,M3.5Ve,11.4,-10.5,-0.5,4.5,11.4927684
466,47513,1,Gl 361,35230,,Gl 361,,,,,M2,11.4,-6.3,-5.4,7.8,10.09389341
467,63510,,Gl 494,46473,,Gl 494,,,,,M2,11.4,2,-2.2,11,9.460040265
468,67164,1,NN 3804,48941,,NN 3804,,,,,M:,11.4,6.5,-5.3,7.8,11.57574065
469,75187,,Wo 9520,54312,,Wo 9520,,,,,M9,11.4,5.6,3.4,9.4,9.827225245
470,97241,,NN 4122,70369,,NN 4122,,,,,,11.4,4.3,10.5,0.8,10.57177675
471,109555,1,Gl 851,79645,,Gl 851,,,,,M2,11.4,2,9.7,-5.8,9.928054011
472,116745,1,Gl 902,84642,,Gl 902,,222237,,,K3V,11.4,5.3,-6.3,-7.8,6.785493115
473,0,,NN 3500,86363,,NN 3500,,,-,,M3,11.5,-1.5,-11.4,-0.8,11.54759626
474,0,,Gl 317,86379,,Gl 317,,,-,,m,11.5,-4.4,-10.4,2.2,11.67759626
475,0,,NN 3550,86442,,NN 3550,,,-,,m,11.5,-7,6,6.8,14.71759626
476,0,,NN 3966,86943,,NN 3966,,,-,,m,11.5,4.7,7.2,7.7,12.64759626
477,428,1,BD+44°4548,317,,Gl 2,BD+44°4548,,,,M2,11.5,-4.6,10,-3.2,9.627097017
478,11964,,Gl 103,8368,,Gl 103,,16157,,,K7V comp SB,11.5,-1,-5,-10.3,8.544349108
479,13389,1,Gl 118,9384,,Gl 118,,,,,M,11.5,1.7,-7.4,-8.6,11.07534875
480,20917,1,BD+21°652,14734,,Gl 169,BD+21°652,28343,,,K7V,11.5,-10.9,0.9,-3.6,7.97183523
481,23708,1,GJ 1075,16767,,GJ 1075,,,,,K7V,11.5,-0.6,-9.2,-6.9,8.711597717
482,36627,1,Gl 277,26753,,Gl 277,,,,,M4,11.5,-10.5,-0.5,4.5,10.28133696
483,36834,,Gl 277.1,26906,,Gl 277.1,,,,,M0,11.5,-9,4.5,5.5,10.18784584
484,47650,1,Gl 362,35337,,Gl 362,,,,,M4,11.5,-7,5.5,7.3,10.90984501
485,48659,1,Hip 48659,36073,,,,,,,,11.5,-1.6,-10.6,4.1,11.74407604
486,72848,,Gl 567,52712,,Gl 567,,131511,5553,,K2V,11.5,5.1,2.2,10.1,5.709845015
487,0,,Gl 12,85773,,Gl 12,,,-,,dM3.5,11.6,-2.6,7.2,-8.7,12.26005398
488,0,,NN 3039,85798,,NN 3039,,,-,,m,11.6,-2.8,6,-9.5,12.37249226
489,0,,NN 3442,86298,,NN 3442,,,-,,k-m,11.6,-6.9,-9.4,-0.1,13.32249226
490,0,,Gl 275.2,86299,,Gl 275.2,,,-,,sdM5,11.6,-10.2,1.8,5.1,13.24508054
491,0,,Gl 275.2B,86300,,Gl 275.2B,,,-,,DC,11.6,-10.2,1.8,5.1,14.31508054
492,0,,Gl 540.2,86790,,Gl 540.2,,,-,,dM5.5e,11.6,7.1,-3.7,8.4,13.53249226
493,0,,NN 3873,86836,,NN 3873,,,-,,M3.5,11.6,2.8,4.6,10.3,11.98249226
494,0,,Gl 772,87167,,Gl 772,,,-,,DA6,11.6,8.7,7.1,-3,13.37501576
495,92871,,Gl 735,67026,,Gl 735,,,,,M2Ve,11.6,8.8,7.6,0.6,9.78929899
496,0,,GJ 1234,87129,,GJ 1234,,,-,,DC7,11.7,3.8,10.8,2.4,14.23236882
497,23693,,Zeta Doradus,16758,Zeta Doradus,Gl 189,,33262,1674,,F7V,11.7,-0.6,-9.3,-7,4.378195563
498,47620,,Gl 360,35316,,Gl 360,,,,,M3,11.7,-7.1,5.6,7.5,10.22066823
499,53985,1,BD+22°2302,39971,,Gl 410,BD+22°2302,95650,,,K,11.7,-3.9,-3.1,10.5,9.266423862
500,73470,1,BD+45°2247,53150,,Gl 572,BD+45°2247,,,,M0,11.7,1.4,6,10,8.789322567
501,0,,Gl 4 B,85760,,Gl 4 B,,,-,,M0.5 V,11.8,-4.7,10.3,-3.3,8.6696478
502,0,,GJ 2020,85844,,GJ 2020,,6088,-,,F0 V,11.8,-0.5,-0.1,-11.8,9.394538451
503,0,,NN 3266,86094,,NN 3266,,,-,,m,11.8,-9.2,7.1,2,13.34428354
504,0,,29 Gamma Virginis,86675,29 Gamma Virginis,Gl 482 B,,110380,4826,,F0 V,11.8,2.7,-5,10.4,3.155054345
505,0,,Gl 585,86865,,Gl 585,,,-,,M4,11.8,6.3,3,9.5,13.3296478
506,473,,Gl 4,351,,Gl 4,,38,,,K2,11.8,-4.7,10.2,-3.3,8.6196478
507,21000,,Hip 21000,14791,,,,,,,F8+...,11.8,-10.3,-1.8,-5.5,9.47095474
508,61941,,29 Gamma Virginis,45451,29 Gamma Virginis,Gl 482,,110379,4825,,F0V+...,11.8,2.7,-5,10.4,3.095054345
509,69454,1,Hip 69454,50470,,,,,,,M2V:,11.8,8.1,-8.4,0.9,9.847605503
510,69972,,Gl 542,50830,,Gl 542,,125072,,,K3V,11.8,8.2,-8.5,0.3,6.294283545
511,77257,,27 Lambda Serpentis,55707,27 Lambda Serpentis,Gl 598,,141004,5868,,G0Vvar,11.8,8.1,2.3,8.2,4.079137406
512,98679,,Gl 773.6,71476,,Gl 773.6,,189484,,,K5V...,11.8,9.9,-1.9,-6.2,8.300698534
513,98681,,Hip 98681,71478,,,,,,,,11.8,9.9,-1.9,-6.2,9.560698534
514,107556,,49 Delta Capricorni,78188,49 Delta Capricorni,Gl 837,,207098,8322,,A5mF2 (IV),11.8,6.5,5,-8.5,2.506338404
515,109176,1,24 Iota Pegasi,79360,24 Iota Pegasi,Gl 848,BD+24°4533,210027,8430,,F5V,11.8,1.4,10.6,-4.8,3.408626892
516,0,,GJ 1055,86011,,GJ 1055,,,-,,m,11.9,-8.9,1.6,-7.6,14.47656046
517,0,,Gl 403,86545,,Gl 403,,,-,,dM3,11.9,-3.7,-4.8,10.3,12.28362729
518,0,,Gl 414 B,86563,,Gl 414 B,,,-,,M2 V,11.9,-4.3,-1.4,11,9.597515335
519,0,,NN 3954,86926,,NN 3954,,,-,,m,11.9,11.1,-0.2,4.3,13.92139643
520,0,,NN 4106,87127,,NN 4106,,,-,,M2,11.9,10.3,-3,-5.2,10.44139643
521,0,,GJ 1243,87160,,GJ 1243,,,-,,m,11.9,1.9,11.6,2.1,12.4488098
522,0,,Wo 9780,87351,,Wo 9780,,,-,,M3.5,11.9,6.7,-1.6,-9.7,12.13139643
523,11048,1,BD+47°612,7717,,Gl 96,BD+47°612,,,,M2,11.9,-8.7,7.7,-2.5,9.029586116
524,54646,,Gl 414,40456,,Gl 414,,97101,,,K8V,11.9,-4.3,-1.4,11,7.947515335
525,108569,1,Gl 842,78918,,Gl 842,,,,,M2,11.9,7.3,-3.8,-8.6,9.378107274
526,0,,NN 3331,86171,,NN 3331,,,-,,M2,12,-7.5,-6.9,-6.4,9.885390462
527,0,,NN 3332 B,86172,,NN 3332 B,,,-,,M3:,12,-7.5,-6.9,-6.4,11.25539046
528,0,,GJ 1140,86551,,GJ 1140,,,-,,DA6,12,-1.4,-8.3,8.6,13.91322501
529,0,,GJ 2092,86653,,GJ 2092,,,-,,DA/F,12,6.1,-10.4,-0.7,13.56539046
530,0,,NN 3727,86655,,NN 3727,,,-,,M2,12,3,-6.8,9.5,10.55539046
531,0,,NN 3728 B,86656,,NN 3728 B,,,-,,g,12,3,-6.8,9.5,10.59539046
532,0,,GJ 1179,86762,,GJ 1179,,,-,,dM4 :,12,2.6,1,11.7,14.92583025
533,0,,GJ 1179 B,86763,,GJ 1179 B,,,-,,DC9,12,2.6,1,11.7,15.25583025
534,0,,Gl 669 B,86992,,Gl 669 B,,,-,,dM5 e,12,6.8,7.8,6.2,12.56565207
535,0,,GJ 1223,87043,,GJ 1223,,,-,,m,12,4.8,9.7,5.1,14.45843238
536,3937,,NN 3060,2743,,NN 3060,,,,,,12,-5.1,8,-7.4,12.30061663
537,9291,,Gl 82,6467,,Gl 82,,,,,M4Ve,12,-8,9,-0.7,11.81061663
538,84099,,NN 3992,60502,,NN 3992,,,,,,12,4.5,8.7,6.9,11.2087889
539,84794,,Gl 669,61006,,Gl 669,,,,,M4,12,6.8,7.8,6.2,11.01565207
540,0,,GJ 1053,86010,,GJ 1053,,,-,,sdM6,12.1,-7.9,8.7,2.8,14.23277265
541,15330,,Zeta 1 Reticuli,10769,Zeta 1 Reticuli,Gl 136,,20766,1006,,G2V,12.1,1.3,-8.1,-8.9,5.122532936
542,15371,,Zeta 2 Reticuli,10799,Zeta 2 Reticuli,Gl 138,,20807,1010,,G1V,12.1,1.3,-8.1,-8.9,4.829889413
543,22627,1,Gl 179,15982,,Gl 179,,,,,M4,12.1,-10.9,-2.4,-4.7,11.5627961
544,80686,,Zeta Trianguli Australis,58045,Zeta Trianguli Australis,Gl 624,,147584,6098,,F9V,12.1,8.9,-7.6,-3,4.495163111
545,102186,1,Gl 798,74157,,Gl 798,,196877,,,K7V,12.1,9.3,-2.4,-7.4,8.404111423
546,104432,,Gl 821,75842,,Gl 821,,,,,M3,12.1,7.9,5.8,-7.2,10.44779058
547,0,,NN 3435,86288,,NN 3435,,,-,,DA4,12.2,-10.2,4,5.4,11.56906926
548,0,,NN 3518,86398,,NN 3518,,,-,,m,12.2,-4.2,-11.1,2.9,13.56906926
549,0,,NN 3533,86420,,NN 3533,,,-,,k-m,12.2,-4.1,-10.9,3.5,13.86906926
550,0,,Gl 359,86464,,Gl 359,,,-,,M4,12.2,-7.3,-4,8.8,13.80435909
551,0,,NN 3647,86565,,NN 3647,,,-,,dM4,12.2,-4.6,-0.8,11.3,11.94906926
552,0,,NN 3800,86754,,NN 3800,,,-,,m,12.2,6.6,-5.5,8.6,13.06906926
553,0,,GJ 1263,87292,,GJ 1263,,,-,,M3.5,12.2,5.3,8,-7.5,12.21376652
554,0,,GJ 1288,87446,,GJ 1288,,,-,,m,12.2,-2.9,10.2,-6.1,13.92641951
555,26779,,Gl 211,19056,,Gl 211,,37394,1925,,K1V,12.2,-11.1,4.4,2.5,5.79084448
556,41926,1,Gl 309,30877,,Gl 309,,72673,3384,,K0V,12.2,-3.7,-11.6,1.1,5.963037839
557,0,,NN 3052,85817,,NN 3052,,,-,,m,12.3,-3.7,6.3,-10,13.34242509
558,0,,Gl 64,85890,,Gl 64,,,-,,DA7,12.3,-4.5,2.4,-11.2,12.39312202
559,0,,NN 3263,86090,,NN 3263,,,-,,M3.5,12.3,-6.5,-5.6,-8.9,11.94242509
560,0,,NN 3285,86119,,NN 3285,,,-,,DC8,12.3,-11.2,-0.6,-5.2,15.04242509
561,0,,NN 3333,86173,,NN 3333,,,-,,k,12.3,-12,-0.9,-2.8,11.32242509
562,0,,NN 3567,86472,,NN 3567,,,-,,M2,12.3,-7.8,4,8.7,12.27242509
563,0,,Gl 590,86874,,Gl 590,,,-,,M4,12.3,10.8,-4.9,3,12.35845079
564,0,,NN 4004,86996,,NN 4004,,,-,,m,12.3,7.7,-8.3,-4.9,11.64242509
565,0,,NN 4098,87114,,NN 4098,,,-,,m,12.3,5.4,10.9,2.3,11.34242509
566,0,,NN 4201,87273,,NN 4201,,,-,,m,12.3,2.9,11.3,-4.1,12.20242509
567,0,,NN 4350,87435,,NN 4350,,,-,,M4,12.3,3.9,-0.2,-11.7,13.26242509
568,35191,1,BD+27°1348,25654,,Gl 268.3,BD+27°1348,,,,,12.3,-11.6,-2.2,3.6,10.3937651
569,49969,1,Gl 381,37043,,Gl 381,,,,,M0,12.3,-4,-8.3,8.1,10.17858227
570,77952,,Beta Trianguli Australis,56159,Beta Trianguli Australis,Gl 601,,141891,5897,,F2III,12.3,9.6,-7.5,-1.6,2.388849574
571,84790,1,Gl 671,61002,,Gl 671,,,,,M4,12.3,4,9.4,6.9,10.91188886
572,0,,NN 3356,86203,,NN 3356,,,-,,M3.5,12.4,-12,-2.4,-2.2,11.34436767
573,0,,Gl 914 B,87474,,Gl 914 B,,,-,,K6 V,12.4,-3.4,9.6,-7,8.532483299
574,171,,85 Pegasi,127,85 Pegasi,Gl 914,,224930,9088,,G3V,12.4,-3.4,9.6,-7,5.342483299
575,10395,,Gl 91,7241,,Gl 91,,,,,,12.4,-2.4,-3.2,-11.7,9.856788041
576,22762,1,Gl 180,16075,,Gl 180,,,,,M3,12.4,-8.2,-6.2,-6.9,10.43947418
577,0,,NN 3028,85784,,NN 3028,,,-,,M6,12.5,-4.7,9.8,-6.1,15.5627339
578,0,,NN 3250,86078,,NN 3250,,,-,,k-m,12.5,-10.4,0.2,-7.1,14.01729161
579,0,,GJ 1068,86096,,GJ 1068,,,-,,pec,12.5,-1.1,-8.8,-8.9,13.09544993
580,0,,GJ 1101,86321,,GJ 1101,,,-,,m,12.5,-7.1,8.4,6,12.60816258
581,0,,NN 3466,86331,,NN 3466,,,-,,M4,12.5,-5.1,-11.4,-0.1,12.89544993
582,0,,NN 3497,86360,,NN 3497,,,-,,dM5.2,12.5,-8.7,5.8,6.9,15.1827339
583,0,,Gl 324 B,86392,,Gl 324 B,,,-,,M3.5,12.5,-9.5,-2.9,7.7,12.65001446
584,0,,NN 3543,86434,,NN 3543,,,-,,M2,12.5,-4.3,-10.9,4.4,10.26544993
585,0,,Gl 843,87317,,Gl 843,,,-,,M3,12.5,6.5,4.5,-9.6,11.54816258
586,26801,,Gl 212,19073,,Gl 212,,233153,,,M1,12.5,-11.4,4.5,2.6,9.268975714
587,43587,1,55 Rho 1 Cancri,32189,55 Rho 1 Cancri,Gl 324,BD+28°1660,75732,3522,,G8V,12.5,-9.5,-2.9,7.7,5.460014457
588,51007,1,BD-09°3070,37823,,Gl 390,BD-09°3070,,,,M0,12.5,-2.6,-9.4,7.8,9.687349143
589,55042,,Hip 55042,40743,,,,304043,,,M,12.5,4.4,-11.7,0.7,11.16756405
590,56998,1,Gl 435,42094,,Gl 435,,101581,,,K5V,12.5,4.1,-11.3,3.6,7.283005653
591,102401,1,Gl 806,74316,,Gl 806,,,,,M3,12.5,1.3,12.4,0.2,10.28572135
592,0,,Gl 26,85807,,Gl 26,,,-,,dM4,12.6,-5.3,9.2,-6.7,10.56183564
593,0,,GJ 1029,85851,,GJ 1029,,,-,,m,12.6,-6.2,8.3,-7.1,14.30456534
594,0,,Gl 737 B,87100,,Gl 737 B,,,-,,K5 V,12.6,11,-3.9,-4.9,9.49198023
595,0,,Gl 836.5,87284,,Gl 836.5,,,-,,DQ6,12.6,3.1,11.1,-5,12.74456534
596,7918,1,BD+41°328,5533,,Gl 67,BD+41°328,10307,483,,G2V,12.6,-8.1,8.8,-4.2,4.440607878
597,16134,,Gl 142,11315,,Gl 142,,21531,,,K5V,12.6,-6.5,-3.7,-10.1,7.88527034
598,24813,,15 Lambda Aurigae,17568,15 Lambda Aurigae,Gl 197,,34411,1729,,G0V,12.6,-12.4,2.7,0.3,4.200333303
599,36338,1,GJ 1097,26532,,GJ 1097,,,,,,12.6,-9.5,-8,1.5,10.9359289
600,40693,1,BD-12°2449,29923,,Gl 302,BD-12°2449,69830,3259,,K0V,12.6,-7.1,-10,2.8,5.471289292
601,84051,1,Hip 84051,60470,,,,,,,,12.6,11.4,-4.9,-1.7,9.552654912
602,93069,1,Gl 737,67182,,Gl 737,,175224,,,M2V,12.6,11,-3.9,-4.9,8.94198023
603,0,,NN 3112,85900,,NN 3112,,,-,,DA7,12.7,3.6,-7.5,-9.6,13.36813546
604,0,,NN 3292,86127,,NN 3292,,,-,,m,12.7,-11.7,-0.4,-4.9,12.98813546
605,0,,NN 3357,86205,,NN 3357,,,-,,M4,12.7,-10.2,-6.2,-4.4,12.28813546
606,0,,Gl 261,86278,,Gl 261,,,-,,DA,12.7,-9.7,-8.1,-0.1,14.75813546
607,0,,NN 3780,86725,,NN 3780,,,-,,m,12.7,6.8,-7.6,7.5,12.38813546
608,0,,GJ 1215,86988,,GJ 1215,,,-,,m,12.7,9.6,6.2,5.6,14.58263109
609,0,,NN 4062,87070,,NN 4062,,,-,,m,12.7,4.2,11.1,4.5,11.47813546
610,0,,GJ 1248,87176,,GJ 1248,,,-,,k-m,12.7,8.4,9,-2.9,11.57538502
611,0,,NN 4154,87211,,NN 4154,,,-,,m,12.7,7.2,-8.2,-6.5,10.98813546
612,0,,Gl 810,87230,,Gl 810,,,-,,M3.5 J,12.7,8.8,5.9,-7,11.93538502
613,0,,Gl 810 B,87231,,Gl 810 B,,,-,,,12.7,8.8,5.9,-7,14.03538502
614,10798,,Gl 95,7533,,Gl 95,,14412,683,,G8V,12.7,-3.5,-2.4,-11.9,5.82483451
615,24284,,Gl 192,17197,,Gl 192,,,,,M5,12.7,-12.5,-0.8,-2.5,10.23434828
616,46580,1,BD+06°2182,34524,,Gl 349,BD+06°2182,82106,,,K3V,12.7,-6.8,-7.4,7.7,6.684559204
617,91430,,GJ 2138,65930,,GJ 2138,,,,,M1V:,12.7,12,4.1,-0.8,10.73490145
618,0,,GJ 2045,86209,,GJ 2045,,,-,,m,12.8,-10.6,-6.1,-3.9,14.74325517
619,0,,NN 3668,86590,,NN 3668,,,-,,m,12.8,0.9,-9.2,8.8,13.75047301
620,0,,Gl 575 B,86846,,Gl 575 B,,,-,,dG2,12.8,1.2,6.8,10.7,5.431303322
621,0,,GJ 1210,86975,,GJ 1210,,,-,,m,12.8,10.2,5.3,5.7,13.47047301
622,0,,GJ 1218,86998,,GJ 1218,,,-,,m,12.8,10.7,-6.3,-3.3,12.14047301
623,0,,NN 4054,87060,,NN 4054,,,-,,DC:9,12.8,-0.1,11.4,5.8,15.11325517
624,0,,NN 4326,87415,,NN 4326,,,-,,M4,12.8,-0.8,10.1,-7.9,11.56047301
625,0,,NN 4387,87473,,NN 4387,,,-,,M4,12.8,2.9,-0.1,-12.5,12.26047301
626,25953,,Gl 206,18404,,Gl 206,,,,,M4Ve,12.8,-12,-3.2,-2.8,10.98880881
627,27887,1,Hip 27887,19903,,,,40307,,,K3V,12.8,-0.2,-11.1,-6.5,6.629080598
628,41824,,GJ 2069,30802,,GJ 2069,,,,,M5Ve,12.8,-10,-4.7,6.5,11.35186454
629,59406,1,NN 3708,43712,,NN 3708,,,,,,12.8,3.3,-8.9,8.5,11.14436703
630,73695,,44 Boötis,53297,44 Boötis,Gl 575,,133640,5618,,G2V + G2V,12.8,1.2,6.8,10.7,4.661303322
631,80300,,Gl 620.1B,57774,,Gl 620.1B,,,,,DA,12.8,12.1,-4,1.6,10.4615863
632,85235,1,BD+67°1014,61332,,Gl 675,BD+67°1014,158633,6518,,K0V,12.8,-1.4,10.6,7,5.894367034
633,111313,1,BD+08°4887,80875,,Gl 863,BD+08°4887,,,,M0V:,12.8,2.4,9.4,-8.3,9.832420897
634,0,,GJ 1073,86156,,GJ 1073,,,-,,k,12.9,-12.4,3.5,-0.5,12.8737048
635,0,,Gl 194 B,86179,,Gl 194 B,,,-,,G0 III,12.9,-12.3,3.9,1,0.400616536
636,0,,Gl 401,86534,,Gl 401,,,-,,M1,12.9,-0.7,-10.6,7.4,10.47089747
637,0,,Gl 401 B,86535,,Gl 401 B,,,-,,DQ9,12.9,-0.7,-10.6,7.4,15.94089747
638,0,,Gl 428 B,86587,,Gl 428 B,,,-,,M0 Ve,12.9,5,-11.9,-0.1,7.748748876
639,0,,GJ 1214,86983,,GJ 1214,,,-,,m,12.9,10.6,5.2,5.2,14.1137048
640,0,,Gl 897,87427,,Gl 897,,,-,,M3.5 J,12.9,2.4,3.9,-12.1,10.39650851
641,0,,Gl 897 B,87428,,Gl 897 B,,,-,,,12.9,2.4,3.9,-12.1,10.84650851
642,24608,,Capella,17425,13 Alpha Aurigae,Gl 194,,34029,1708,Capella,M1: comp,12.9,-12.3,3.9,1,0.150616536
643,51459,,36 Ursae Majoris,38172,36 Ursae Majoris,Gl 395,,90839,4112,,F8V,12.9,-7.2,3.5,10.1,4.295456132
644,55691,1,Gl 428,41187,,Gl 428,,99279,,,K7V+...,12.9,5,-11.9,-0.1,6.948748876
645,58576,1,BD-09°3413,43166,,Gl 454,BD-09°3413,104304,4587,,K0IV,12.9,1.9,-8,10,4.99594806
646,80337,,Gl 620.1,57802,,Gl 620.1,,147513,6094,,G3/G5V,12.9,12.1,-4,1.6,4.841825607
647,95326,,Hip 95326,68912,,,,,,,,12.9,11.9,-0.2,-5,11.84238454
648,0,,NN 3106,85895,,NN 3106,,,-,,B5,13,-8.1,10.2,0.3,9.49397682
649,0,,NN 3131,85920,,NN 3131,,,-,,M3,13,-3.7,-1.1,-12.4,10.64245363
650,0,,NN 3224,86037,,NN 3224,,,-,,m+,13,-9.9,0.5,-8.4,14.13245363
651,0,,NN 3309,86149,,NN 3309,,,-,,M2.5,13,-12.6,1.5,-2.6,10.69245363
652,0,,GJ 1077,86191,,GJ 1077,,,-,,M1.5 V,13,3.9,-10.4,-6.8,11.3368061
653,0,,Gl 422,86573,,Gl 422,,,-,,m,13,4.5,-12.2,0.7,11.07397682
654,0,,NN 3981,86965,,NN 3981,,,-,,m,13,9.3,6.1,6.7,12.56245363
655,0,,NN 4368,87457,,NN 4368,,,-,,M1,13,-1.3,8.2,-10,10.93245363
656,25623,1,BD-03°1110,18162,,Gl 204,BD-03°1110,36003,,,K5V,13,-10.9,-5.4,-4.4,7.083299489
657,60444,,NN 3722,44439,,NN 3722,,,,,,13,-5.1,6.7,9.9,10.68273562
658,67090,,Gl 525,48888,,Gl 525,,,,,,13,3.5,-0.1,12.6,9.22397682
659,89211,1,Gl 707,64267,,Gl 707,,166348,,,K7V,13,12.5,-2.2,-2.6,7.807523871
660,91438,1,BD-21°5081,65936,,Gl 722,BD-21°5081,172051,6998,,G5V,13,12.6,2.8,-1.5,5.293017571
661,0,,Gl 195,86180,,Gl 195,,,-,,dM2,13.1,-12.5,3.9,1,9.61262269
662,0,,Gl 195 B,86181,,Gl 195 B,,,-,,M4 :,13.1,-12.5,3.9,1,13.11262269
663,0,,NN 3506,86371,,NN 3506,,,-,,M3,13.1,-9,5.9,7.5,11.07977486
664,0,,Gl 592,86876,,Gl 592,,,-,,M4,13.1,11,-1.5,7,12.11546679
665,4569,1,Gl 46,3197,,Gl 46,,,,,,13.1,-0.2,-0.3,-13.1,11.18319181
666,13218,1,Gl 114.1,9264,,Gl 114.1,,,,,M,13.1,0.1,-7.3,-10.8,10.13688745
667,19884,,Gl 167,13944,,Gl 167,,27274,,,K5V,13.1,-1.2,-9.3,-9.1,7.057171468
668,31862,1,NN 3403,23056,,NN 3403,,,,,K7V,13.1,-1.1,-11.9,-5.3,9.357455451
669,36915,1,NN 3452,26979,,NN 3452,,,,,M0,13.1,-11,3.4,6.2,10.70290727
670,67593,,Hip 67593,49232,,,,,,,,13.1,2.9,1.2,12.7,12.71977486
671,76832,,Gl 597,55428,,Gl 597,,,,,M4,13.1,-3.8,9.7,7.9,11.64029324
672,98698,1,BD+02°4076,71491,,Gl 775,BD+02°4076,190007,,,K4V,13.1,9.1,8.9,-3.2,6.871484005
673,106811,1,BD+27°4120,77650,,Gl 835,BD+27°4120,,,,,13.1,2.4,12.3,-4.1,9.286067081
674,115562,1,BD+57°2735,83826,,Gl 895,BD+57°2735,,,,M2,13.1,-4.8,12.2,-0.7,9.450629599
675,0,,NN 3036,85794,,NN 3036,,,-,,m,13.2,-6.3,11.2,-2.8,12.55406796
676,0,,GJ 1031,85855,,GJ 1031,,,-,,dM5,13.2,-0.5,-0.8,-13.1,12.82406796
677,0,,NN 3372 B,86221,,NN 3372 B,,,-,,m,13.2,-11.4,5.3,3.8,12.96406796
678,0,,GJ 1092,86264,,GJ 1092,,,-,,m,13.2,-12.7,0.3,3.5,13.15834603
679,0,,NN 3612,86524,,NN 3612,,,-,,k-m,13.2,-7.2,6.4,9.1,11.32260898
680,0,,Gl 425 B,86577,,Gl 425 B,,,-,,m,13.2,1.1,-10.4,8,10.40406796
681,0,,NN 3704,86631,,NN 3704,,,-,,M4,13.2,-5.6,7,9.6,12.47406796
682,0,,GJ 1180,86771,,GJ 1180,,,-,,,13.2,2.5,1.7,12.8,10.23406796
683,0,,NN 3817,86777,,NN 3817,,,-,,M3,13.2,4.8,-0.6,12.3,11.66406796
684,0,,NN 4044,87049,,NN 4044,,,-,,m,13.2,7.5,9.9,4.4,12.72406796
685,55454,,Gl 425,41029,,Gl 425,,98712,,,K4/K5V,13.2,1.1,-10.4,8,8.144067961
686,65011,,Gl 507,47459,,Gl 507,,,,,M0,13.2,0.1,2.3,13,8.91292478
687,90790,1,BD-18°4986,65442,,Gl 716,BD-18°4986,170657,,,K1V,13.2,12.8,3.2,-1,6.205766231
688,0,,NN 3001,85757,,NN 3001,,,-,,DC9,13.3,2.9,-0.2,-13,14.2810892
689,0,,Gl 164,86095,,Gl 164,,,-,,M3.5,13.3,-11.6,6.5,0.2,12.88397488
690,0,,GJ 1088,86238,,GJ 1088,,,-,,M3.5,13.3,-4,-11.4,-5.7,11.69530632
691,0,,NN 3423,86280,,NN 3423,,,-,,m,13.3,-12.7,-0.5,4,12.54530632
692,0,,Gl 319 C,86382,,Gl 319 C,,,-,,M3.5,13.3,-9.3,-7,6.5,11.16385819
693,0,,NN 3586,86492,,NN 3586,,,-,,k-m,13.3,-8,2.4,10.4,12.84530632
694,0,,NN 3900,86860,,NN 3900,,,-,,M3,13.3,10.6,-1.9,7.9,11.95530632
695,0,,NN 3971,86953,,NN 3971,,,-,,m,13.3,-1.7,10.5,8,15.0310892
696,0,,Gl 732,87096,,Gl 732,,,-,,sdG0,13.3,12.7,-0.5,-3.9,12.0810892
697,0,,Gl 732 B,87097,,Gl 732 B,,,-,,,13.3,12.7,-0.5,-3.9,15.3810892
698,0,,NN 4239,87311,,NN 4239,,,-,,dM5,13.3,5.5,8.4,-8.8,14.01530632
699,22263,,58 Eridani,15716,58 Eridani,Gl 177,,30495,1532,,G3V,13.3,-8.9,-6.3,-7.6,4.868199685
700,42748,,Gl 319,31528,,Gl 319,,,,,M0,13.3,-9.3,-7,6.5,9.073858186
701,66625,1,BD+46°1889,48576,,Gl 521,BD+46°1889,,,,M2,13.3,-0.8,4.7,12.4,9.617720539
702,0,,GJ 1012,85793,,GJ 1012,,,-,,M4,13.4,-1.4,4.6,-12.5,11.55950799
703,0,,Gl 742,87106,,Gl 742,,,-,,DXP5,13.4,-2.4,11.9,5.6,12.56950799
704,0,,Gl 767 B,87154,,Gl 767 B,,,-,,M2 :,13.4,5.1,12.3,0.8,10.47240909
705,0,,Gl 774,87171,,Gl 774,,,-,,m,13.4,9.9,-5.6,-7.1,10.71369414
706,0,,Gl 774 B,87172,,Gl 774 B,,,-,,m,13.4,9.9,-5.6,-7.1,12.18369414
707,8070,1,BD+63°229,5647,,Gl 69,BD+63°229,10436,,,K5V,13.4,-8.4,10.5,0.4,7.76932351
708,16711,1,Gl 146,11715,,Gl 146,,22496,,,K7V,13.4,-1.7,-8.1,-10.5,7.971249114
709,61094,1,BD+09°2636,44897,,Gl 471,BD+09°2636,,,,M0:,13.4,1.3,-4.1,12.7,9.063111895
710,71181,,Gl 556,51609,,Gl 556,,128165,,,K3V,13.4,-0.4,7.1,11.4,6.590781364
711,97292,1,BD+31°3767,70412,,Gl 767,BD+31°3767,331161,,,M1+...,13.4,5.1,12.3,0.8,9.522409088
712,107711,,NN 4224,78296,,NN 4224,,,,,M6,13.4,8.6,-0.1,-10.3,11.55844833
713,110443,1,GJ 1267,80283,,GJ 1267,,211970,,,K7V,13.4,7.7,-3.2,-10.5,8.428055985
714,0,,NN 3009,85766,,NN 3009,,,-,,M4,13.5,4.9,-5,-11.6,11.4161586
715,0,,Gl 130.1B,86024,,Gl 130.1B,,,-,,M2,13.5,-10.5,8.5,0.1,10.55465179
716,0,,Gl 354 B,86458,,Gl 354 B,,,-,,,13.5,-9.1,2.4,9.6,13.15055578
717,0,,Gl 427,86584,,Gl 427,,,-,,DA7,13.5,-3.4,-3.3,12.6,13.59201953
718,0,,NN 3709 B,86636,,NN 3709 B,,,-,,m,13.5,3.5,-9.4,9,11.9661586
719,7513,,50 Upsilon Andromedae,5246,50 Upsilon Andromedae,Gl 61,,9826,458,,F8V,13.5,-8.4,9.4,-4.8,3.44348229
720,15220,1,Gl 130.1,10693,,Gl 130.1,,,,,M2,13.5,-10.5,8.5,0.1,10.27465179
721,21818,,Gl 174,15388,,Gl 174,,29697,,,K3V,13.5,-12.9,0.4,-3.8,7.349970001
722,46769,1,BD+36°1970,34670,,Gl 353,BD+36°1970,,,,M0,13.5,-9.1,-1.2,9.9,9.532634434
723,46853,1,25 Theta Ursae Majoris,34738,25 Theta Ursae Majoris,Gl 354,BD+52°1401,82328,3775,,F6IV,13.5,-9.1,2.4,9.6,2.520555777
724,83762,,Gl 655,60257,,Gl 655,,,,,M3,13.5,8.4,7.7,7.2,10.95439723
725,111960,1,Gl 868,81313,,Gl 868,,214749,,,K4/K5V,13.5,6.1,2.2,-11.9,7.161752498
726,0,,GJ 1194,86878,,GJ 1194,,,-,,m,13.6,2.8,7.8,10.8,11.80551987
727,0,,GJ 1194 B,86879,,GJ 1194 B,,,-,,m,13.6,2.8,7.8,10.8,13.12551987
728,0,,NN 4006,86999,,NN 4006,,,-,,,13.6,11.6,5.3,4.6,10.23733744
729,0,,Gl 853 B,87344,,Gl 853 B,,,-,,,13.6,7.9,-3,-10.6,9.230550199
730,28368,,NN 3371,20261,,NN 3371,,,,,M1,13.6,-11.8,5.5,3.9,9.583798917
731,60910,1,Gl 469,44767,,Gl 469,,,,,M:,13.6,1.2,-4.3,12.8,11.39939892
732,87938,1,NN 4040,63340,,NN 4040,,,,,M:,13.6,3.4,11.5,6.4,11.12881012
733,110109,1,Gl 853,80059,,Gl 853,,211415,8501,,G1V,13.6,7.9,-3,-10.6,4.720550199
734,0,,GJ 1035,85868,,GJ 1035,,,-,,m,13.7,-7.1,10.6,5,14.09255541
735,0,,NN 3326,86165,,NN 3326,,,-,,m,13.7,-12.8,-2.2,-4.2,13.0666143
736,0,,NN 3520,86399,,NN 3520,,,-,,m,13.7,-8.7,7.1,7.9,13.6306569
737,0,,Gl 333,86411,,Gl 333,,,-,,M3,13.7,-0.5,-13.7,-0.2,11.5006569
738,0,,Gl 398,86525,,Gl 398,,,-,,dM4 e,13.7,-4.2,-7.6,10.6,11.9166143
739,0,,Gl 528 B,86767,,Gl 528 B,,,-,,dK6,13.7,2.5,1.8,13.3,7.354038145
740,0,,Gl 771 B,87166,,Gl 771 B,,,-,,M3,13.7,9.3,9.7,-2.6,10.71512648
741,544,,Gl 5,397,,Gl 5,,166,8,,K0V,13.7,-4.2,10.7,-7.4,5.456019295
742,15638,1,Gl 133,10991,,Gl 133,,,,,M2:,13.7,-8.2,10,4.5,10.5106569
743,16852,1,10 Tauri,11815,10 Tauri,Gl 147,BD-00°572,22484,1101,,F9V,13.7,-10.2,-0.9,-9.1,3.593339751
744,19337,1,Hip 19337,13541,,,,281621,,,M1,13.7,-12.8,3.8,-3.2,9.496911742
745,27188,1,BD+62°780,19368,,Gl 215,BD+62°780,,,,M0,13.7,-11.4,6.4,3.9,8.337803823
746,48336,,Gl 369,35849,,Gl 369,,,,,M0,13.7,-4.2,-10.9,7.1,9.359586885
747,50341,1,Gl 386,37314,,Gl 386,,,,,M0,13.7,-3.1,-10.7,8,10.2903586
748,67422,1,BD+27°2296,49116,,Gl 528,BD+27°2296,120476,,,K2,13.7,2.5,1.8,13.3,6.934038145
749,79537,,Gl 615,57252,,Gl 615,,145417,,,K0V,13.7,11.6,-7.4,-1.1,6.839164988
750,83990,,Gl 656,60427,,Gl 656,,154577,,,K0V,13.7,11.6,-6.7,-2.9,6.728695537
751,98036,,60 Beta Aquilae,70987,60 Beta Aquilae,Gl 771,,188512,7602,,G8IVvar,13.7,9.3,9.7,-2.6,3.035126481
752,103441,1,Gl 813,75094,,Gl 813,,,,,M3,13.7,4.9,12.3,-3.5,11.33374168
753,0,,Gl 162,86092,,Gl 162,,,-,,M1,13.8,-12.8,3.8,-3.2,9.487672054
754,0,,NN 3779,86724,,NN 3779,,,-,,M3.5,13.8,1.8,0.4,13.7,12.23169003
755,0,,Gl 516 B,86737,,Gl 516 B,,,-,,dM3.5e,13.8,3.3,-0.7,13.4,11.60647697
756,0,,GJ 1270,87363,,GJ 1270,,,-,,m,13.8,-1.5,13.3,-3.3,12.54569149
757,0,,Gl 895.2,87423,,Gl 895.2,,,-,,DAV4,13.8,0.3,8.5,-10.8,12.34767205
758,66077,,Gl 516,48187,,Gl 516,,,,,M4Ve,13.8,3.3,-0.7,13.3,11.31647697
759,103800,1,Gl 816,75351,,Gl 816,,,,,M3,13.8,8.6,8,-7.3,10.52779286
760,116727,,35 Gamma Cephei,84631,35 Gamma Cephei,Gl 903,,222404,8974,,K1IV,13.8,-6.4,11.6,3.6,2.511690033
761,116771,,17 Iota Piscium,84662,17 Iota Piscium,Gl 904,,222368,8969,,F7V,13.8,-0.4,8.3,-11,3.431989526
762,0,,NN 3053,85819,,NN 3053,,,-,,m,13.9,-1.2,2.6,-13.6,13.48666248
763,0,,NN 3336,86175,,NN 3336,,,-,,M2,13.9,-13,4.8,1.3,10.67666248
764,0,,Gl 394,86516,,Gl 394,,237903,-,,K7 Ve,13.9,-7.7,3.7,10.9,7.979676324
765,0,,NN 3637,86555,,NN 3637,,,-,,m,13.9,-2.7,-7.7,11.3,13.35364445
766,0,,Gl 524,86756,,Gl 524,,,-,,k,13.9,9,-10.4,1.9,11.79268599
767,0,,GJ 1182,86794,,GJ 1182,,,-,,m,13.9,6.8,-1.4,12,13.58062222
768,0,,NN 3898,86857,,NN 3898,,,-,,m,13.9,1.9,7.4,11.6,12.63666248
769,0,,NN 4055,87062,,NN 4055,,,-,,M3,13.9,7.4,10.9,4.3,11.77666248
770,0,,NN 4056,87063,,NN 4056,,,-,,g,13.9,11.8,7.2,1.7,11.12666248
771,0,,NN 4169,87228,,NN 4169,,,-,,m,13.9,6.9,10.9,-5,13.26268599
772,0,,Gl 836,87279,,Gl 836,,,-,,M3.5,13.9,8.6,4.1,-10.2,12.70759578
773,0,,NN 4279,87359,,NN 4279,,,-,,dM3 :,13.9,3.3,9.9,-9.2,12.50666248
774,0,,GJ 1292,87468,,GJ 1292,,,-,,k-m,13.9,-3.2,10.5,-8.5,11.00967632
775,42220,,Gl 310,31108,,Gl 310,,,,,M2,13.9,-9.7,6.1,8,8.585455773
776,52596,1,Hip 52596,38998,,,,,,,,13.9,0.7,-12.6,5.8,10.51238521
777,78353,1,BD-07°4156,56421,,Gl 606,BD-07°4156,,,,M0,13.9,11.8,0.4,7.4,9.781831618
778,93206,1,Gl 739,67285,,Gl 739,,,,,M4,13.9,12.7,-2.6,-5,10.43877261
779,109638,1,Wo 9773,79701,,Wo 9773,,,,,M3,13.9,3.7,10.4,-8.5,11.28575751
780,116215,,Gl 898,84288,,Gl 898,,221503,,,K5/M0V,13.9,2.6,4.2,-13,7.877595778
781,0,,GJ 1072,86155,,GJ 1072,,,-,,m,14,-13.6,0.3,-3.4,14.47849106
782,10812,,GJ 1046,7542,,GJ 1046,,,,,,14,-2,-4.6,-13.1,10.89335166
783,12097,1,Gl 104,8462,,Gl 104,,,,,M2,14,-10.1,5,-8.3,9.934565112
784,12843,,1 Tau 1 Eridani,8999,1 Tau 1 Eridani,Gl 111,,17206,818,,F5/F6V,14,-6,-2.3,-12.4,3.733351659
785,23518,,Gl 184,16627,,Gl 184,,,,,M0,14,-12.7,5.8,1.7,9.196969887
786,56157,,Hip 56157,41503,,,,,,,,14,0.2,-9,10.6,11.25577789
787,67691,1,BD+50°2030,49291,,Gl 532,BD+50°2030,234078,,,K5,14,-1.1,6,12.6,8.16818691
788,79672,1,18 Scorpii,57349,18 Scorpii,Gl 616,BD-07°4242,146233,6060,,G1V,14,12.2,1,6.8,4.755447649
789,112774,1,BD-07°5871,81882,,Gl 875,BD-07°5871,216133,,,K5,14,3.7,7.1,-11.5,9.119403251
790,116317,,Gl 899,84360,,Gl 899,,,,,M3,14,0.6,7.6,-11.7,10.44335166
791,0,,NN 3061 B,85828,,NN 3061 B,,,-,,m,14.1,-6,9.3,-8.7,12.55629174
792,0,,Gl 127 B,86014,,Gl 127 B,,,-,,G7 V,14.1,-5.2,-5.1,-12.1,5.95200574
793,0,,NN 3490 B,86356,,NN 3490 B,,,-,,,14.1,-3.9,-13.5,-0.1,10.25629174
794,0,,Gl 400 B,86532,,Gl 400 B,,,-,,,14.1,-6.8,-0.2,12.4,11.45231216
795,0,,NN 3861,86822,,NN 3861,,,-,,m,14.1,-1.4,8.2,11.4,10.99629174
796,0,,Gl 684 B,87010,,Gl 684 B,,,-,,K3 V,14.1,-0.2,11.9,7.6,7.315679975
797,0,,GJ 1220,87015,,GJ 1220,,,-,,m,14.1,-5.1,11.2,7,13.43323118
798,0,,NN 4038,87038,,NN 4038,,,-,,m,14.1,10,8.8,4.6,11.46629174
799,0,,NN 4073,87086,,NN 4073,,,-,,m,14.1,4.6,12.6,4.5,17.48016629
800,0,,NN 4288,87372,,NN 4288,,,-,,m,14.1,6.4,2.4,-12.3,10.17629174
801,0,,NN 4289 B,87373,,NN 4289 B,,,-,,m,14.1,6.4,2.4,-12.3,11.89629174
802,0,,Gl 878,87394,,Gl 878,,,-,,M3,14.1,-4.6,13.3,0.3,12.01629174
803,4148,1,Gl 42,2892,,Gl 42,,5133,,,K2V,14.1,0.4,-0.7,-14.1,6.426597563
804,14879,,Alpha Fornacis,10440,Alpha Fornacis,Gl 127,,20010,963,,F8V,14.1,-5.2,-5.1,-12.1,3.20200574
805,17420,,Hip 17420,12191,,,,23356,,,K2V,14.1,-7.8,-4.7,-10.7,6.361484829
806,38082,,Gl 289,27899,,Gl 289,,,,,M2,14.1,-12.4,-4.6,5.1,10.70832528
807,52600,1,BD+39°2376,39002,,Gl 400,BD+39°2376,,,,M2,14.1,-6.8,-0.2,12.4,8.552312164
808,53721,,47 Ursae Majoris,39788,47 Ursae Majoris,Gl 407,,95128,4277,,G0V,14.1,-6.3,0.5,12.6,4.307514764
809,86036,,26 Draconis,61931,26 Draconis,Gl 684,,160269,6573,,G0V,14.1,-0.2,11.9,7.6,4.595679975
810,86087,1,Gl 685,61966,,Gl 685,,,,,M1,14.1,-0.2,11.9,7.6,9.224761999
811,92200,1,BD-03°4380,66512,,Gl 726,BD-03°4380,173818,,,K5,14.1,12.3,6.9,-0.2,8.060166288
812,0,,Gl 282 B,86316,,Gl 282 B,,,-,,K5,14.2,-10.5,-9.3,2.3,8.179096736
813,0,,NN 3655,86580,,NN 3655,,,-,,M8,14.2,0.3,-10.2,9.9,18.80168556
814,0,,NN 3693,86617,,NN 3693,,,-,,M6 :,14.2,-0.4,-5.8,12.9,17.13402351
815,0,,Gl 512 B,86729,,Gl 512 B,,,-,,M4,14.2,5.6,-4.5,12.2,12.93463857
816,0,,Gl 589,86872,,Gl 589,,,-,,M4.5:,14.2,7.9,4.2,11.1,11.64168556
817,0,,Gl 589 B,86873,,Gl 589 B,,,-,,M6,14.2,7.9,4.2,11.1,14.22168556
818,13375,,Gl 116,9374,,Gl 116,,,,,K6:,14.2,-11.4,6.7,-5.4,8.781376212
819,37349,,Gl 282,27327,,Gl 282,,61606,,,K2V,14.2,-10.5,-9.3,2.2,6.439096736
820,47741,1,NN 3564,35401,,NN 3564,,,,,M:,14.2,-8.7,-3.5,10.6,11.29371591
821,65714,1,Gl 512,47932,,Gl 512,,,,,M4+...,14.2,5.6,-4.5,12.2,10.56463857
822,67487,,Gl 529,49162,,Gl 529,,120467,,,K4/K5V,14.2,8.5,-7.1,8.9,7.410637553
823,97944,,Gl 770,70914,,Gl 770,,188088,7578,,K3/K4V,14.2,12.4,3.8,-5.8,5.40601182
824,103910,,Wo 9716,75439,,Wo 9716,,,,,M4,14.2,10.2,-3.7,-9.2,12.09125357
825,112909,,Gl 875.1,81972,,Gl 875.1,,,,,M3.5Ve,14.2,-1.2,12.9,-5.9,10.86477663
826,0,,NN 3136,85928,,NN 3136,,,-,,M5 :,14.3,-10,9.8,-2.8,11.6954902
827,0,,NN 3211,86022,,NN 3211,,,-,,,14.3,-9.9,0,-10.2,10.12859009
828,0,,NN 3237,86052,,NN 3237,,,-,,dM5 :,14.3,-11,-0.4,-9.1,13.0854902
829,0,,Gl 168.1,86108,,Gl 168.1,,,-,,,14.3,-13.3,0.9,-5.1,14.26859009
830,0,,NN 3467,86334,,NN 3467,,,-,,m,14.3,-11.3,-7.6,4.4,12.9954902
831,0,,NN 3729,86657,,NN 3729,,,-,,m,14.3,-2.8,2.5,13.8,12.1254902
832,0,,42 Alpha Comae Berenices,86708,42 Alpha Comae Berenices,Gl 501 B,,114379,4969,,F5 V,14.3,2.2,-1.4,14.1,4.38958819
833,0,,NN 3943,86913,,NN 3943,,,-,,k-m,14.3,10.4,-9.2,-3.4,12.9754902
834,0,,NN 4060,87069,,NN 4060,,,-,,K7,14.3,11.7,-6.1,-5.4,8.7454902
835,10617,1,NN 3148,7393,,NN 3148,,,,,,14.3,-3,-3.5,-13.5,11.2304479
836,25220,1,BD+17°917,17858,,Gl 201,BD+17°917,35171,,,K2,14.3,-14,-1.8,-2.6,7.16803236
837,36985,1,BD-02°2198,27035,,,BD-02°2198,,,,,14.3,-10.7,-9.3,2.1,9.090832052
838,42438,,3 Pi 1 Ursae Majoris,31284,3 Pi 1 Ursae Majoris,Gl 311,,72905,3391,,G1.5Vb,14.3,-10.1,5.7,8.3,4.867660587
839,61901,1,BD+16°2404,45425,,Gl 481,BD+16°2404,110315,,,K2,14.3,1.1,-2.8,14,7.18362814
840,64241,,42 Alpha Comae Berenices,46932,42 Alpha Comae Berenices,Gl 501,,114378,4968,,F5V,14.3,2.2,-1.4,14.1,4.19958819
841,70475,,NN 3846,51141,,NN 3846,,,,,M:,14.3,6.9,-0.3,12.6,11.47709833
842,70865,,Gl 552,51403,,Gl 552,,,,,M3,14.3,6,1.2,12.9,9.907350665
843,86032,,Rasalhague,61929,55 Alpha Ophiuchi,Gl 681,,159561,6556,Rasalhague,A5III,14.3,10.7,7.8,5.5,1.300521153
844,102422,,3 Eta Cephei,74331,3 Eta Cephei,Gl 807,,198149,7957,,K0IV,14.3,-1.9,13.9,2.9,2.647098326
845,104644,1,Wo 9724,75998,,Wo 9724,,,,,M1:,14.3,10.4,-0.5,-9.8,11.22803236
846,0,,Gl 363,86465,,Gl 363,,,-,,M3.5,14.4,-9.4,3.6,10.3,11.70366617
847,0,,Gl 611 B,86908,,Gl 611 B,,,-,,m,14.4,4.4,8.5,10.7,13.44335817
848,0,,Gl 794,87203,,Gl 794,,,-,,DA3,14.4,5.5,13.1,-2.3,10.72679735
849,35353,1,NN 3438,25786,,NN 3438,,,,,M1,14.4,-13.4,0.3,5.3,9.530844246
850,70218,1,BD+30°2512,50983,,Gl 546,BD+30°2512,,,,K5V,14.4,3.5,3.5,13.5,7.757735826
851,78775,,Gl 611,56718,,Gl 611,,144579,,,G8V,14.4,4.4,8.5,10.7,5.873358169
852,79190,1,Gl 613,57009,,Gl 613,,144628,,,K3V,14.4,12.1,-7.6,-0.9,6.324917351
853,81935,,Hip 81935,58919,,,,150689,,,K2V,14.4,13.8,-3.8,1.1,6.732422122
854,84862,,72 Herculis,61059,72 Herculis,Gl 672,,157214,6458,,G0V,14.4,6.8,10.1,7.7,4.599299049
855,0,,NN 3093,85877,,NN 3093,,,-,,m,14.5,-5.3,4.5,-12.7,13.17053047
856,0,,NN 3094 B,85878,,NN 3094 B,,,-,,m,14.5,-5.3,4.5,-12.7,14.20053047
857,0,,NN 3614,86527,,NN 3614,,,-,,DQP9,14.5,-0.9,-12.2,7.8,15.65424545
858,0,,GJ 1157,86651,,GJ 1157,,,-,,k,14.5,6.5,-12.3,4,12.81424545
859,0,,GJ 1171,86733,,GJ 1171,,,-,,,14.5,3,-0.3,14.2,13.92739024
860,0,,GJ 1177 B,86759,,GJ 1177 B,,,-,,,14.5,9.2,-8.7,7,8.314245454
861,0,,NN 3866,86828,,NN 3866,,,-,,DC9,14.5,10.7,-4.3,8.7,15.67424545
862,0,,NN 3893,86853,,NN 3893,,,-,,m,14.5,7,3.5,12.2,12.54424545
863,0,,Gl 630.1,86941,,Gl 630.1,,,-,,dM4 e,14.5,0.7,10.9,9.5,12.09424545
864,0,,Gl 630.1B,86942,,Gl 630.1B,,,-,,DQ8,14.5,0.7,10.9,9.5,14.19424545
865,0,,NN 3997,86984,,NN 3997,,,-,,M2,14.5,9.6,8.2,7.1,9.554245454
866,0,,NN 4026,87024,,NN 4026,,,-,,m,14.5,8.6,9.9,6,11.87053047
867,0,,Gl 712,87059,,Gl 712,,,-,,M3,14.5,11.7,8.2,2.4,11.77739024
868,0,,Gl 714,87067,,Gl 714,,,-,,M1,14.5,12.5,-5.3,-5,9.050530472
869,44722,1,BD-08°2582,33075,,Gl 334,BD-08°2582,,,,M0,14.5,-6.9,-11.2,6.1,8.699835092
870,66675,,Gl 521.1,48604,,Gl 521.1,,118926,,,M0V,14.5,6.6,-4.6,12.1,8.777942191
871,74190,1,NN 3892,53636,,NN 3892,,,,,M:,14.5,9.5,0.5,11,10.65393072
872,96285,1,BD+04°4157,69638,,Gl 763,BD+04°4157,184489,,,K5,14.5,10.7,9.6,-1.9,8.557075963
873,0,,Gl 326,86396,,Gl 326,,,-,,M6 J,14.6,-6.8,-11.9,4.9,11.70478369
874,0,,Gl 326 B,86397,,Gl 326 B,,,-,,,14.6,-6.8,-11.9,4.9,11.98478369
875,0,,Gl 331 B,86403,,Gl 331 B,,,-,,dM1 J,14.6,-11,1.6,9.6,9.972739288
876,0,,Gl 331 C,86404,,Gl 331 C,,,-,,,14.6,-11,1.6,9.6,10.17273929
877,0,,Gl 549 B,86809,,Gl 549 B,,,-,,M3,14.6,-0.5,7.3,12.6,10.68256999
878,0,,Gl 781.1B,87181,,Gl 781.1B,,,-,,M3.5,14.6,12.6,2.2,-7.1,11.67813583
879,0,,NN 4203,87275,,NN 4203,,,-,,dM,14.6,6.7,10,-8.2,12.53162058
880,0,,NN 4204 B,87276,,NN 4204 B,,,-,,m,14.6,6.7,10,-8.2,13.68162058
881,17609,1,BD+25°613,12333,,Gl 154,BD+25°613,23453,,,K5,14.6,-13,3.5,-5.5,8.792253569
882,28035,,Hip 28035,20018,,,,,,,,14.6,-8.2,-10.6,-5.8,9.880987404
883,33817,,Gl 259,24592,,Gl 259,,52698,,,K1V,14.6,-7.8,-12.1,-2.4,5.885915349
884,44127,,9 Iota Ursae Majoris,32617,9 Iota Ursae Majoris,Gl 331,,76644,3569,,A7IV,14.6,-11,1.6,9.6,2.312739288
885,52190,1,Hip 52190,38713,,,,,,,,14.6,1.5,-13.8,4.5,10.19464548
886,70497,,23 Theta Boötis,51152,23 Theta Boötis,Gl 549,,126660,5404,,F7V,14.6,-0.5,7.3,12.6,3.242569994
887,75181,,Nu 2 Lupi,54310,Nu 2 Lupi,Gl 582,,136352,5699,,G2V,14.6,12.1,-7.8,1.9,4.834783685
888,82926,,Hip 82926,59644,,,,,,,M3Ve+...,14.6,14.1,-3.5,0.6,10.36509974
889,99150,1,Gl 781.1,71840,,Gl 781.1,,,,,M,14.6,12.6,2.2,-7.1,11.42813583
890,101997,1,Gl 796,74006,,Gl 796,,196761,7898,,G8/K0V,14.6,11.3,4.4,-8.1,5.531467562
891,0,,NN 3252,86081,,NN 3252,,,-,,m,14.7,-11.2,-1.8,-9.3,17.18892187
892,0,,NN 3305,86140,,NN 3305,,,-,,M1,14.7,-12,-4,-7.5,9.752544564
893,0,,GJ 1099,86309,,GJ 1099,,,-,,m,14.7,-11.5,-8.7,2.5,11.09892187
894,0,,NN 3649,86566,,NN 3649,,,-,,M1,14.7,-4.1,-4.4,13.4,9.932544564
895,0,,NN 3775,86720,,NN 3775,,,-,,m,14.7,4.8,-4.2,13.3,12.13254456
896,0,,NN 3809,86766,,NN 3809,,,-,,M2:,14.7,6.2,-2.9,13,10.35254456
897,0,,NN 3894,86855,,NN 3894,,,-,,M4,14.7,11.2,-2,9.3,13.42254456
898,0,,Gl 596.1B,86883,,Gl 596.1B,,,-,,,14.7,10.8,1.8,9.8,11.16764791
899,0,,NN 4228,87302,,NN 4228,,,-,,m,14.7,4.3,11.9,-7.4,13.09254456
900,25278,,111 Tauri,17897,111 Tauri,Gl 202,,35296,1780,,F8V SB,14.7,-14.3,-1.8,-2.6,4.158603452
901,30630,,Gl 233,22090,,Gl 233,,45088,,,K0,14.7,-14.2,-3.4,0.8,5.928921873
902,54952,,Gl 420,40679,,Gl 420,,97584,,,K5,14.7,-7.3,8.1,9.8,6.846691945
903,77052,,23 Psi Serpentis,55571,23 Psi Serpentis,Gl 596.1,,140538,5853,,G5V,14.7,10.8,1.8,9.8,5.027647909
904,78170,1,Gl 604,56305,,Gl 604,,142709,,,K5V,14.7,13.2,-6,2.1,7.218284984
905,102485,,16 Psi Capricorni,74379,16 Psi Capricorni,Gl 805,,197692,7936,,F5V,14.7,11.2,4.1,-8.5,3.297647909
906,106696,1,Gl 833,77561,,Gl 833,,205390,,,K2V,14.7,9.9,-2.4,-10.7,6.29774926
907,0,,Gl 231.3,86242,,Gl 231.3,,,-,,M4,14.8,-11.9,-8.4,-2.6,12.20973348
908,0,,Gl 269 B,86293,,Gl 269 B,,,-,,K4 V,14.8,-2.9,-14,-3.9,7.05262257
909,0,,NN 3770,86713,,NN 3770,,,-,,DC9+,14.8,8.5,-11.4,3.9,16.19973348
910,0,,Gl 514.1,86732,,Gl 514.1,,,-,,M4 :,14.8,6.7,-5.9,11.8,13.39329948
911,0,,NN 4338 B,87425,,NN 4338 B,,,-,,M3 :,14.8,-4.1,13.4,-4.8,11.58651886
912,14445,1,BD+01°543,10121,,Gl 123,BD+01°543,19305,,,M0V,14.8,-10.2,0.6,-10.7,8.24262257
913,35296,,Gl 269,25742,,Gl 269,,57095,,,K2V,14.8,-2.9,-14,-3.9,6.30262257
914,59199,,1 Alpha Corvi,43576,1 Alpha Corvi,Gl 455.3,,105452,4623,,F0IV/V,14.8,4.2,-11,8.9,3.173264069
915,101516,,Hip 101516,73649,,,,340611,,,DA,14.8,5.7,13.5,-2.3,10.681339
916,103388,,Gl 811.1,75057,,Gl 811.1,,,,,M4,14.8,9.8,7.6,-7.9,10.62326407
917,104092,,Gl 818,75568,,Gl 818,,200779,,,K5,14.8,7.4,11.2,-6.4,7.442655033
918,111766,1,Gl 865,81181,,Gl 865,,,,,,14.8,8.1,-6.3,-10.7,10.62458781
919,116003,,GJ 1284,84128,,GJ 1284,,,,,M2Ve,14.8,3.3,3.7,-13.9,10.30876959
920,0,,NN 3097,85882,,NN 3097,,,-,,dM3.5,14.9,-6.7,6.3,-11.8,12.26037401
921,0,,NN 3117,85904,,NN 3117,,,-,,dM2,14.9,-9.5,11.5,0.6,10.50037401
922,0,,NN 3118 B,85905,,NN 3118 B,,,-,,DA6,14.9,-9.5,11.5,0.6,13.63037401
923,0,,NN 3208,86019,,NN 3208,,,-,,m,14.9,-12.5,5.3,-6.2,15.90037401
924,0,,NN 3256,86083,,NN 3256,,,-,,M3,14.9,-10.3,-3.6,-10.2,10.35037401
925,0,,GJ 1096,86287,,GJ 1096,,,-,,m+,14.9,-14,-1.2,4.9,13.6136126
926,0,,NN 3856,86820,,NN 3856,,,-,,m,14.9,6.4,1.4,13.4,12.74037401
927,0,,NN 4029,87028,,NN 4029,,,-,,m,14.9,9.2,10.1,5.8,19.23684637
928,0,,GJ 1228,87068,,GJ 1228,,,-,,DXP8,14.9,1.5,13.4,6.2,14.63684637
929,0,,NN 4109,87135,,NN 4109,,,-,,M3.5,14.9,7,13.1,1.5,11.61037401
930,0,,NN 4276,87354,,NN 4276,,,-,,m,14.9,-3.9,14.4,0.4,12.04037401
931,0,,NN 4337,87424,,NN 4337,,,-,,M2,14.9,-4.1,13.5,-4.8,11.00684637
932,0,,NN 4352,87437,,NN 4352,,,-,,M2,14.9,2.4,4.5,-14,10.47037401
933,3583,,GJ 1021,2502,,GJ 1021,,4391,209,,G5IV,14.9,3,-4.2,-14,4.927779661
934,12261,,Hip 12261,8579,,,,,,,,14.9,1.5,-8.7,-11.9,11.49684637
935,25647,,Hip 25647,18177,,,,36705,,,K1III(p),14.9,1.2,-12.5,-8.1,6.007779661
936,37288,1,BD+02°1729,27275,,Gl 281,BD+02°1729,,,,M0,14.9,-11.7,-8.7,3,8.749107138
937,47592,,Gl 364,35292,,Gl 364,,84117,3862,,G0V,14.9,-3.2,-13.5,5.5,4.066523205
938,49081,,20 Leonis Minoris,36388,20 Leonis Minoris,Gl 376,,86728,3951,,G1V,14.9,-8.7,-2.3,11.9,4.484906685
939,49189,,Gl 378,36464,,Gl 378,,,,,M2,14.9,-9.2,1.8,11.6,9.204906685
940,79431,1,Hip 79431,57182,,,,,,,,14.9,13.7,-1.1,5.8,10.47458324
941,84521,1,GJ 2128,60802,,GJ 2128,,,,,M3.5,14.9,11.8,6.7,6.2,10.61777966
942,0,,NN 3181,85988,,NN 3181,,,-,,M6,15,-11,4.2,-9.3,15.98062917
943,0,,Gl 225.2B,86227,,Gl 225.2B,,,-,,,15,-7.5,-11.5,-6,8.224532357
944,0,,Gl 225.2C,86228,,Gl 225.2C,,,-,,K5 V,15,-7.5,-11.5,-6,7.424532357
945,0,,NN 3965,86940,,NN 3965,,,-,,DA8,15,4.1,10.3,10.2,13.93410823
946,0,,Gl 738 B,87103,,Gl 738 B,,,-,,K1 V,15,6.5,13,3.4,6.82258164
947,1368,,Gl 14,1004,,Gl 14,,,,,M0,15,-6.1,12.5,-5.5,8.120954703
948,5247,,Gl 52,3675,,Gl 52,,,,,K7V,15,-8.6,12.4,0.3,8.092801685
949,19394,,Gl 163,13587,,Gl 163,,,,,M,15,-1.3,-10.4,-10.6,10.93453236
950,27359,,Gl 218,19501,,Gl 218,,,,,M2,15,-6.3,-11.7,-7,9.850954703
951,28103,,16 Eta Leporis,20064,16 Eta Leporis,Gl 225,,40136,2085,,F1V,15,-11,-9.1,-4.8,2.833128394
952,28442,,Gl 225.2,20314,,Gl 225.2,,40887,,,K3/K4V,15,-7.5,-11.5,-6,7.404532357
953,93017,,Gl 738,67144,,Gl 738,,176051,7162,,G0V,15,6.5,13,3.4,4.46258164
954,105199,,Alderamin,76423,5 Alpha Cephei,Gl 826,,203280,8162,Alderamin,A7IV-V,15,-2.8,14.5,2.4,1.565182206
955,0,,Gl 792,87201,,Gl 792,,,-,,M4,15.1,3.2,14.7,-0.2,12.5908404
956,0,,Gl 815 B,87234,,Gl 815 B,,,-,,,15.1,2,14.9,-1,11.00461794
957,5862,,Nu Phoenicis,4078,Nu Phoenicis,Gl 55,,7570,370,,F8V,15.1,1.7,-4.6,-14.2,4.071821262
958,15919,,Gl 141,11178,,Gl 141,,21197,,,K5V,15.1,-10.1,-1.6,-11.1,6.962649243
959,31634,,Gl 240,22879,,Gl 240,,,,,K0,15.1,-2.7,-13.7,-5.8,8.721335786
960,34069,,Gl 264.1B,24788,,Gl 264.1B,,53706,2668,,K0V,15.1,-4,-13.9,-4.2,5.897240095
961,62145,,Gl 483,45583,,Gl 483,,110833,,,K3V,15.1,-3.7,5.1,13.7,6.150840397
962,82860,,19 Draconis,59599,19 Draconis,Gl 648,,153597,6315,,F6Vvar,15.1,-1.2,12.1,9,3.996912499
963,95447,,31 Aquilae,68999,31 Aquilae,Gl 759,,182572,7373,,G8IVvar,15.1,10.3,11.1,-0.5,4.258048664
964,103655,,Gl 815,75247,,Gl 815,,,,,M3Ve,15.1,2,14.9,-1,9.444617939
965,108159,1,Gl 838.6,78613,,Gl 838.6,,,,,M3,15.1,9.5,-1.5,-11.6,11.08166422
966,114361,,GJ 1279,83005,,GJ 1279,,218511,,,K5V,15.1,7.5,-7.1,-10.9,7.499531887
967,0,,Gl 40 B,85831,,Gl 40 B,,,-,,m,15.2,-0.6,0.9,-15.2,16.39145945
968,0,,NN 3069,85843,,NN 3069,,,-,,m,15.2,-8.5,12.3,-2.3,14.21771968
969,0,,GJ 1050,85981,,GJ 1050,,,-,,m,15.2,-3.5,-5.2,-13.8,10.84771968
970,0,,NN 3213,86025,,NN 3213,,,-,,m,15.2,-12.6,7.9,-2.7,11.48771968
971,0,,NN 3235,86050,,NN 3235,,,-,,k-m,15.2,-10.5,-1.9,-10.8,12.19771968
972,0,,NN 3247,86065,,NN 3247,,,-,,m,15.2,-10,-3.2,-10.9,13.79771968
973,0,,GJ 1081,86200,,GJ 1081,,,-,,k-m,15.2,-14.6,3.9,1.7,11.30442707
974,0,,Gl 288 B,86320,,Gl 288 B,,,-,,m,15.2,-5.4,-14.1,-1.2,15.68079943
975,0,,GJ 2070,86372,,GJ 2070,,,-,,M3.5,15.2,-9.7,-10.2,5.7,11.82771968
976,0,,NN 3753,86686,,NN 3753,,,-,,DA4,15.2,-3.9,5.9,13.4,11.40771968
977,0,,Gl 599 B,86885,,Gl 599 B,,,-,,DA7,15.2,13.7,-5.8,3.4,11.8645192
978,0,,NN 3953,86925,,NN 3953,,,-,,m,15.2,8,7.8,10.2,11.33771968
979,0,,NN 4216,87288,,NN 4216,,,-,,M3.5,15.2,7.4,8.8,-9.9,11.90771968
980,0,,NN 4367,87456,,NN 4367,,,-,,m,15.2,0.9,5.8,-14,12.54771968
981,4022,1,Gl 40,2798,,Gl 40,,4967,,,K5V,15.2,-0.6,0.9,-15.2,8.051459454
982,37853,,Gl 288,27717,,Gl 288,,63077,3018,,G0V,15.2,-5.4,-14.2,-1.3,4.450799432
983,77358,,Gl 599,55779,,Gl 599,,140901,5864,,G6IV,15.2,13.7,-5.8,3.4,5.094519197
984,0,,GJ 1006 B,85776,,GJ 1006 B,,,-,,M4.5,15.3,-4.2,10.5,-10.3,12.3012065
985,0,,GJ 1059,86031,,GJ 1059,,,-,,m,15.3,-13,7.3,-3.3,14.40788874
986,0,,Gl 458 B,86640,,Gl 458 B,,,-,,m,15.3,-5.1,5.1,13.5,12.40423334
987,0,,GJ 1204,86944,,GJ 1204,,,-,,m,15.3,11.5,5.4,8.6,12.87123798
988,6069,,NN 3084,4230,,NN 3084,,,,,M2V:,15.3,-5.9,5.9,-12.8,10.12456591
989,34115,1,Gl 258,24828,,Gl 258,,,,,M5,15.3,-11.5,7.4,6.8,11.03921645
990,56662,,Gl 433.1,41854,,Gl 433.1,,,,,DA,15.3,-4.1,-1.4,14.7,11.57390073
991,59514,1,BD+55°1519,43791,,Gl 458,BD+55°1519,238090,,,M2,15.3,-5.1,5.1,13.5,8.864233343
992,86796,1,Mu Arae,62484,Mu Arae,Gl 691,,160691,6585,,G5V,15.3,14.1,-5.1,-3,4.219880005
993,0,,GJ 2021,85856,,GJ 2021,,,-,,m,15.4,-1.3,0,-15.3,13.58456678
994,0,,NN 3198,86007,,NN 3198,,,-,,M3,15.4,-7,-3.7,-13.2,11.90456678
995,0,,NN 3233,86048,,NN 3233,,21809,-,,G5,15.4,-13.4,6.4,-3.9,6.344566783
996,0,,GJ 1062,86057,,GJ 1062,,,-,,M2,15.4,-9.8,-3.4,-11.4,12.06787503
997,0,,NN 3279,86113,,NN 3279,,,-,,m,15.4,-0.5,-11.3,-10.4,10.86456678
998,0,,NN 3426,86282,,NN 3426,,,-,,m,15.4,-13.9,2.9,5.9,12.46456678
999,0,,NN 3503,86368,,NN 3503,,,-,,m,15.4,-8.6,-12,4.4,14.06456678
1000,0,,NN 3542,86433,,NN 3542,,,-,,m,15.4,-10.6,4.5,10.3,14.16787503
1001,0,,NN 3720,86648,,NN 3720,,,-,,m,15.4,-2,-0.4,15.2,15.38456678
1002,0,,GJ 1158,86658,,GJ 1158,,,-,,M4,15.4,7.6,-13.2,1.8,12.33456678
1003,0,,NN 4185,87254,,NN 4185,,,-,,m,15.4,3.4,14.6,-3.5,11.74456678
1004,0,,NN 4186 B,87255,,NN 4186 B,,,-,,m,15.4,3.4,14.6,-3.5,12.55456678
1005,0,,NN 4306,87397,,NN 4306,,,-,,M0,15.4,0.5,12.3,-9.3,9.564566783
1006,14669,,Gl 125,10289,,Gl 125,,,,,M2,15.4,-12.7,8.3,-2.9,9.208880108
1007,18280,1,BD-07°699,12813,,Gl 156,BD-07°699,,,,M0V,15.4,-11,-3.2,-10.3,8.081223484
1008,32560,,Gl 246,23621,,Gl 246,,,,,DAn,15.4,-14.8,0.4,4.1,11.12155805
1009,34104,1,Gl 263,24817,,Gl 263,,,,,M5,15.4,-11.1,-10.6,-0.5,10.35323008
1010,61706,1,Gl 480,45303,,Gl 480,,,,,M4,15.4,1.5,-3.9,14.8,10.58590266
1011,95501,,30 Delta Aquilae,69041,30 Delta Aquilae,Gl 760,,182640,7377,,F0IV,15.4,11.8,9.7,-1.6,2.426236504
1012,99438,,GJ 2147,72069,,GJ 2147,,,,,,15.4,13.1,2.7,-7.5,11.24657029
1013,100923,,Gl 791,73209,,Gl 791,,,,,M3,15.4,12.5,3.5,-8.2,10.47222701
1014,110996,1,Gl 862,80668,,Gl 862,,213042,,,K4V,15.4,7.6,2.6,-13.2,6.705863475
1015,113357,1,51 Pegasi,82283,51 Pegasi,Gl 882,BD+19°5036,217014,8729,,G5V,15.4,0,12.6,-8.8,4.567904943
1016,0,,Gl 25 B,85804,,Gl 25 B,,,-,,G8 V,15.5,0.4,1,-15.5,5.443754862
1017,0,,NN 3077,85858,,NN 3077,,,-,,m,15.5,-5.6,6.1,-13.1,11.94116259
1018,0,,NN 3078 B,85859,,NN 3078 B,,,-,,m,15.5,-5.6,6.1,-13.1,12.96116259
1019,0,,NN 3162,85965,,NN 3162,,,-,,DC,15.5,-6.9,-1.1,-13.8,14.81116259
1020,0,,Gl 316.1,86378,,Gl 316.1,,,-,,m,15.5,-11.7,-6,8.2,16.72779857
1021,0,,Gl 720 B,87074,,Gl 720 B,,,-,,m,15.5,3.9,13.9,5.7,12.07149871
1022,2941,,Gl 25,2072,,Gl 25,,3443,159,,K1V+...,15.5,0.4,1,-15.5,5.273754862
1023,3909,,19 Phi 2 Ceti,2726,19 Phi 2 Ceti,Gl 37,,4813,235,,F7IV-V,15.5,-2.3,3.7,-14.8,4.224185756
1024,28954,,Gl 227,20715,,Gl 227,,41593,,,K0,15.5,-15,-3.7,-0.7,5.814856999
1025,42762,1,Gl 319 B,31541,,Gl 319 B,,,,,M5,15.5,-10.8,-8.2,7.5,12.14981761
1026,69578,,Hip 69578,50561,,,,,,,,15.5,10.5,-11.4,-0.1,11.15385006
1027,71284,,28 Sigma Boötis,51672,28 Sigma Boötis,Gl 557,,128167,5447,,F3Vwvar,15.5,4.2,4.3,14.3,3.513178501
1028,91128,,Gl 720,65701,,Gl 720,,,,,M2,15.5,3.9,13.8,5.7,8.901498705
1029,95319,1,BD+32°3411,68906,,Gl 758,BD+32°3411,182488,7368,,G8V,15.5,6.2,14,2.3,5.419144805
1030,0,,GJ 1014,85802,,GJ 1014,,,-,,,15.6,-4.3,8.6,-12.3,14.35089987
1031,0,,Gl 101.1,85964,,Gl 101.1,,,-,,m,15.6,-0.7,-7.2,-13.8,10.30089987
1032,0,,NN 3296,86132,,NN 3296,,,-,,m,15.6,-14.8,0.8,-4.8,13.63089987
1033,0,,NN 3404,86256,,NN 3404,,,-,,m,15.6,-13.7,-7.5,-0.1,11.09089987
1034,0,,NN 3405 B,86257,,NN 3405 B,,,-,,m,15.6,-13.7,-7.5,-0.1,12.36089987
1035,0,,NN 3654,86574,,NN 3654,,,-,,M4,15.6,2,-13.3,7.9,12.73089987
1036,0,,NN 3685,86607,,NN 3685,,,-,,m,15.6,0.1,-8,13.4,12.28089987
1037,0,,NN 3686 B,86608,,NN 3686 B,,,-,,m,15.6,0.1,-8,13.4,16.63089987
1038,0,,Gl 492,86698,,Gl 492,,,-,,DC9,15.6,3.9,-4.9,14.3,14.81750429
1039,0,,Gl 527 B,86760,,Gl 527 B,,,-,,M2,15.6,4.3,-0.1,15,10.03496757
1040,0,,NN 3815,86774,,NN 3815,,,-,,m,15.6,-4.1,9.3,11.8,14.72089987
1041,0,,Gl 626.2,86929,,Gl 626.2,,,-,,DZA6,15.6,5.8,9.7,10.8,12.88089987
1042,0,,NN 4069,87082,,NN 4069,,,-,,m,15.6,5.4,13.8,5,12.45089987
1043,0,,Gl 808,87223,,Gl 808,,,-,,M2.5,15.6,9.1,-9.5,-8.3,10.89105486
1044,27435,1,BD-04°1244,19556,,GJ 1085,BD-04°1244,38858,2007,,G4V,15.6,-13,-7.3,-4.2,5.00936566
1045,36349,,Hip 36349,26539,,,,,,,M1V:e...,15.6,-6.8,-13.9,-1.6,8.999027661
1046,66765,,GJ 1175,48668,,GJ 1175,,118972,,,K1V,15.6,9.7,-9.9,7.2,6.013612515
1047,67275,,4 Tau Boötis,49019,4 Tau Boötis,Gl 527,,120136,5185,,F7V,15.6,4.3,-0.1,15,3.534967568
1048,74702,,Hip 74702,53977,,,,135599,,,K0,15.6,10.7,0.3,11.3,5.957336878
1049,77349,1,NN 3916,55771,,NN 3916,,,,,K:...,15.6,13.1,-0.6,8.5,10.28632178
1050,92573,1,Gl 731,66793,,Gl 731,,229793,,,M2,15.6,10.4,11.5,2,9.1853062
1051,98792,,Gl 778,71566,,Gl 778,,190404,,,K1V,15.6,7.3,13.7,-1.1,6.296660196
1052,107649,,Gl 838,78258,,Gl 838,,207129,8323,,G2V,15.6,10.1,-1.6,-11.8,4.609202744
1053,111391,1,Hip 111391,80930,,,,,,,,15.6,7,3.8,-13.4,10.28022118
1054,0,,GJ 1010 B,85787,,GJ 1010 B,,,-,,m,15.7,-7.9,13,3.9,13.02069716
1055,0,,GJ 1037,85870,,GJ 1037,,,-,,DQ6,15.7,-7.3,8,-11.3,12.84410339
1056,0,,NN 3666,86588,,NN 3666,,,-,,M3,15.7,-2.3,-6.4,14.1,11.58410339
1057,0,,Gl 704 B,87047,,Gl 704 B,,,-,,K5 V,15.7,7.9,12.1,5.9,7.476824537
1058,0,,NN 4312,87402,,NN 4312,,,-,,m,15.7,-6.3,14.3,2.1,11.46386863
1059,48477,1,BD-02°3000,35948,,Gl 372,BD-02°3000,,,,M0,15.7,-6,-11,9.5,9.564443723
1060,51525,,Gl 397,38222,,Gl 397,,,,,K7V,15.7,-8.5,1.5,13.1,7.884443723
1061,63833,,Gl 496.1,46676,,Gl 496.1,,113538,,,K8V,15.7,8.9,-12.7,2.8,8.079333171
1062,76779,,Hip 76779,55391,,,,139763,,,K5V,15.7,13.6,-2.4,7.6,7.935919443
1063,88745,,99 Herculis,63911,99 Herculis,Gl 704,,165908,6775,,F7V,15.7,7.9,12.1,5.9,4.116824537
1064,99385,1,BD-20°5833,72025,,Gl 782,BD-20°5833,191391,,,K4Vp,15.7,13,5.3,-6.9,7.944783999
1065,114233,1,Gl 889.1,82916,,Gl 889.1,,,,,M1V:,15.7,1.8,9.8,-12.1,9.935804508
1066,114411,1,Gl 891,83040,,Gl 891,,,,,,15.7,5.2,3,-14.5,10.29171959
1067,0,,Gl 157 B,86084,,Gl 157 B,,,-,,dM3 e,15.8,-12.1,-2.3,-9.8,10.62078877
1068,0,,66 Alpha Geminorum,86307,66 Alpha Geminorum,Gl 278 B,,60178,2890,,A m,15.8,-14.5,-1.9,6,1.855989172
1069,0,,Gl 278 C,86308,,Gl 278 C,,,-,,M0.5Ve,15.8,-14.5,-1.9,6,8.075989172
1070,0,,Gl 750 B,87125,,Gl 750 B,,,-,,,15.8,14.3,-2.1,-6.2,9.111473557
1071,0,,NN 4129,87170,,NN 4129,,,-,,k,15.8,11.3,10.4,-3.8,10.9501468
1072,0,,Gl 802,87218,,Gl 802,,,-,,dM5 e,15.8,-0.7,15.6,2.2,13.68701855
1073,18512,,Gl 157,12970,,Gl 157,,24916,,,K4V,15.8,-12.1,-2.3,-9.8,7.050788766
1074,36850,,Castor,26923,66 Alpha Geminorum,Gl 278,,60179,2891,Castor,A2Vm,15.8,-14.5,-1.9,6,0.945989172
1075,70536,,Gl 548 B,51181,,Gl 548 B,,,,,M2,15.8,5.1,2.8,14.7,9.008733096
1076,94739,,Gl 750,68463,,Gl 750,,179930,,,K9V...,15.8,14.3,-2.1,-6.2,9.131473557
1077,98906,,Gl 781,71646,,Gl 781,,,,,M3,15.8,0.4,15.5,3.3,10.99461591
1078,0,,NN 3218,86028,,NN 3218,,,-,,M2,15.9,-10.3,-1.8,-12,10.36670275
1079,0,,NN 3261,86089,,NN 3261,,,-,,dM5 e,15.9,-13.3,-1.2,-8.6,11.88670275
1080,0,,NN 3294,86131,,NN 3294,,,-,,k-m,15.9,-14.9,0.2,-5.6,13.56670275
1081,0,,NN 3320,86160,,NN 3320,,,-,,M2.5,15.9,-15.6,0.6,-2.9,10.50670275
1082,0,,Gl 188 B,86170,,Gl 188 B,,,-,,G4 V,15.9,-15.4,-1,-3.6,4.697391994
1083,0,,NN 3463,86324,,NN 3463,,,-,,m,15.9,-12.6,-8.7,4.4,13.73979822
1084,0,,NN 3492,86358,,NN 3492,,,-,,k-m,15.9,4.8,-14,-5.8,10.84670275
1085,0,,NN 3625,86541,,NN 3625,,,-,,m,15.9,6.9,-13.4,-4.9,12.44670275
1086,0,,NN 3690 B,86612,,NN 3690 B,,,-,,m,15.9,-0.9,-5.9,14.7,13.99670275
1087,0,,Gl 461,86650,,Gl 461,,,-,,M0 V,15.9,2,-7.1,14.1,9.096702747
1088,0,,GJ 1167,86707,,GJ 1167,,,-,,dM5,15.9,0.6,1,15.8,13.17670275
1089,0,,GJ 1169,86717,,GJ 1169,,,-,,m,15.9,1.2,1,15.8,12.24979822
1090,0,,Gl 708.3,87052,,Gl 708.3,,,-,,M5,15.9,13.6,7.9,2.3,11.51670275
1091,0,,NN 4102,87118,,NN 4102,,,-,,M3.5,15.9,9.3,-10.5,-7.4,11.69670275
1092,0,,Gl 777 B,87177,,Gl 777 B,,,-,,M4 :,15.9,6.1,14.7,-0.2,13.36394357
1093,0,,NN 4262,87332,,NN 4262,,,-,,k-m,15.9,5.9,9.7,-11.1,11.13670275
1094,0,,GJ 1268,87353,,GJ 1268,,,-,,m+,15.9,-3.1,15.5,-1.3,13.93670275
1095,0,,NN 4292,87380,,NN 4292,,,-,,m,15.9,0.6,13.5,-8.4,13.99670275
1096,0,,NN 4319,87411,,NN 4319,,,-,,k,15.9,0.9,10.4,-12,12.13670275
1097,0,,NN 4355,87439,,NN 4355,,,-,,DA,15.9,1.4,6.8,-14.3,12.25670275
1098,169,1,GJ 1294,126,,GJ 1294,,224953,,,M0V,15.9,6.8,-8.1,-11.8,8.657736536
1099,8709,,NN 3121,6068,,NN 3121,,,,,DAs,15.9,-10.6,11.1,-4,11.43945842
1100,12929,1,BD+11°383,9055,,Gl 112.1,BD+11°383,17230,,,K5,15.9,-11.2,3.6,-10.7,7.580835299
1101,23835,,104 Tau,16869,104 Tau,Gl 188,,32923,1656,,G4V,15.9,-15.4,-1,-3.5,4.597391994
1102,47981,,Gl 366,35580,,Gl 366,,,,,M2,15.9,-9.1,9,9.4,9.61152641
1103,48904,,Gl 375,36259,,Gl 375,,,,,M5,15.9,1.3,-15.7,1.9,10.26256267
1104,77760,,1 Chi Herculis,56039,1 Chi Herculis,Gl 602,,142373,5914,,F9V,15.9,3.8,9.4,12.2,3.609458423
1105,80093,1,BD+41°2695,57631,,Gl 619,BD+41°2695,,,,M0,15.9,4.8,10.2,11.3,7.971871883
1106,98767,,Gl 777,71549,,Gl 777,,190360,7670,,G6IV+...,15.9,6.1,14.7,-0.2,4.70394357
1107,0,,Gl 32 B,85820,,Gl 32 B,,,-,,K7 V,16,2.5,-3.3,-15.5,8.036270913
1108,0,,NN 3232,86046,,NN 3232,,,-,,K7 V,16,-13.6,3.3,-7.8,9.765922948
1109,0,,NN 3366,86214,,NN 3366,,,-,,m,16,-13.2,-7.7,-4.6,13.51940009
1110,0,,GJ 1254,87204,,GJ 1254,,,-,,m,16,-1.9,15.5,3.5,11.49940009
1111,436,1,Gl 3,321,,Gl 3,,55,,,K5V,16,6.7,-8.2,-12,7.458705104
1112,3588,1,Gl 32,2507,,Gl 32,,4378,,,K5V comp SB,16,2.5,-3.3,-15.5,7.386270913
1113,18774,,Gl 156.2,13143,,Gl 156.2,,24451,,,K4V,16,-10.5,11,4.8,7.241830775
1114,49091,1,Gl 377,36397,,Gl 377,,,,,M4,16,-1.4,-15.1,5.4,10.40348563
1115,60303,1,BD+42°2296,44338,,Gl 462,BD+42°2296,107596,,,M0V,16,-3.6,2.7,15.4,8.430789385
1116,65352,1,BD+03°2765,47690,,NN 3781,BD+03°2765,116442,,,G5,16,5.4,-4.3,14.5,6.036270913
1117,82256,1,Gl 637,59153,,Gl 637,,,,,M,16,11.3,-10.1,-4.8,10.33495195
1118,110400,1,NN 4273,80253,,NN 4273,,,,,M5,16,9.1,-6.7,-11.3,10.95592295
1119,0,,GJ 2010,85805,,GJ 2010,,,-,,DA7,16.1,-0.2,2,-16,13.49195845
1120,0,,GJ 1033,85861,,GJ 1033,,,-,,,16.1,-1.8,0.2,-16,13.12195845
1121,0,,NN 3183,85992,,NN 3183,,,-,,m,16.1,-12.8,6.8,-7.2,12.92195845
1122,0,,NN 3223,86036,,NN 3223,,,-,,DZ9,16.1,-11.3,-1,-11.5,15.08195845
1123,0,,NN 3455,86312,,NN 3455,,,-,,m,16.1,-1.6,-15.5,-4.1,11.41195845
1124,0,,GJ 1118,86407,,GJ 1118,,,-,,k-m,16.1,-4,-15.4,2.7,12.76195845
1125,0,,NN 3540,86429,,NN 3540,,,-,,m,16.1,-11.4,-3.8,10.7,11.25195845
1126,0,,NN 3573,86479,,NN 3573,,,-,,m,16.1,-9,-5.1,12.4,13.16195845
1127,0,,NN 3702,86630,,NN 3702,,,-,,M4.5,16.1,5.2,-13.1,7.8,12.96195845
1128,0,,GJ 1161 B,86669,,GJ 1161 B,,,-,,,16.1,7,-12.4,7.5,10.87195845
1129,0,,NN 3764,86705,,NN 3764,,,-,,M3.5,16.1,8.9,-11.9,6.2,11.82195845
1130,0,,GJ 1174,86749,,GJ 1174,,,-,,M3,16.1,-0.5,5.3,15.2,11.725458
1131,0,,NN 3813,86772,,NN 3813,,,-,,M2,16.1,5.3,-0.5,15.2,10.59195845
1132,0,,NN 3884,86843,,NN 3884,,,-,,M3.5,16.1,9.6,1,12.9,11.69195845
1133,0,,Gl 579,86852,,Gl 579,,,-,,K7 V,16.1,6.6,4.9,13.8,9.058951923
1134,0,,NN 3910,86869,,NN 3910,,,-,,m,16.1,6.6,6.6,13.2,13.26195845
1135,0,,NN 3945,86916,,NN 3945,,,-,,M3.5,16.1,15.2,-3.2,4.5,11.92195845
1136,0,,Gl 676 B,87002,,Gl 676 B,,,-,,m,16.1,14.9,-5.7,-2.7,12.27125786
1137,0,,GJ 1226,87057,,GJ 1226,,,-,,M3.5,16.1,14.1,7.7,1.8,11.67195845
1138,0,,Gl 734,87098,,Gl 734,,230017,-,,dM0,16.1,11.7,11,1.2,8.405458001
1139,0,,Gl 734 B,87099,,Gl 734 B,,,-,,,16.1,11.7,11,1.2,11.265458
1140,0,,NN 4198,87271,,NN 4198,,,-,,M3,16.1,11,0.2,-11.8,12.15195845
1141,0,,Gl 856 B,87350,,Gl 856 B,,,-,,,16.1,0,15,-5.7,10.56825359
1142,0,,GJ 1269 B,87360,,GJ 1269 B,,,-,,,16.1,2.9,12.5,-9.8,9.061958447
1143,55605,,Hip 55605,41132,,,,,,,M0,16.1,-2.3,-7.5,14.1,9.333008906
1144,65143,1,BD+35°2439,47550,,Gl 508.2,BD+35°2439,,,,M0,16.1,0.3,2.7,15.9,9.586506768
1145,85647,1,Gl 676,61637,,Gl 676,,,,,M0,16.1,14.9,-5.7,-2.7,8.54125786
1146,107705,,GJ 1264,78292,,GJ 1264,,,,,M2Ve,16.1,9.5,-8.2,-10.1,8.761958447
1147,110526,,Gl 856,80336,,Gl 856,,,,,M0...,16.1,0,15,-5.7,10.37825359
1148,0,,GJ 1013,85795,,GJ 1013,,,-,,m,16.2,-2,5.7,-15.1,11.69790356
1149,0,,Gl 165,86097,,Gl 165,,,-,,M3.5,16.2,-14.3,7.5,-0.1,12.62845325
1150,0,,Gl 294 B,86338,,Gl 294 B,,,-,,k,16.2,0.9,-15.6,-4.4,8.833536437
1151,0,,Gl 294 C,86339,,Gl 294 C,,,-,,,16.2,0.9,-15.6,-4.4,12.45353644
1152,0,,GJ 1183,86811,,GJ 1183,,,-,,m,16.2,9.3,-2.1,13.1,12.90494238
1153,0,,GJ 1183 B,86812,,GJ 1183 B,,,-,,m,16.2,9.3,-2.1,13.1,12.98494238
1154,0,,Gl 841 B,87310,,Gl 841 B,,,-,,DQ7,16.2,10.2,-2.8,-12.3,13.62896084
1155,0,,Gl 872 B,87383,,Gl 872 B,,,-,,M1,16.2,1.9,12.2,-10.5,10.64578746
1156,1463,1,Gl 16,1063,,Gl 16,,,,,M0,16.2,-3.4,9.4,-12.7,9.850369742
1157,17439,,Gl 152,12204,,Gl 152,,23484,,,K1V,16.2,-4.8,-8.7,-12.8,5.938960839
1158,34065,,Gl 264.1,24784,,Gl 264.1,,53705,2667,,G3V...,16.2,-4.3,-15,-4.5,4.49578746
1159,35821,,Gl 272,26141,,Gl 272,,,,,M2,16.2,-14.6,2.1,6.7,9.480721825
1160,38908,,Gl 294,28540,,Gl 294,,65907,3138,,G2V...,16.2,0.9,-15.6,-4.4,4.553536437
1161,50954,,Gl 391,37781,,Gl 391,,90589,4102,,F2IV,16.2,6.2,-14.5,-3.9,2.950369742
1162,56238,1,BD+23°2359,41561,,Gl 430.1,BD+23°2359,,,,,16.2,-3.8,-3.5,15.3,9.253536437
1163,61291,1,Gl 472,45020,,Gl 472,,109200,,,K0V,16.2,8.4,-13.7,-1.7,6.085996232
1164,91608,1,BD-13°5069,66063,,Gl 724,BD-13°5069,,,,M,16.2,15.2,5.5,-1.1,9.578960839
1165,105038,1,BD+08°4638,76292,,Gl 824,BD+08°4638,202575,,,K2,16.2,7.2,12.6,-7.2,6.905996232
1166,105932,1,Gl 828.2,76987,,Gl 828.2,,,,,M0,16.2,8.9,9.3,-9.9,10.04684577
1167,108405,,Gl 841,78788,,Gl 841,,,,,M0,16.2,10.2,-2.8,-12.3,9.348960839
1168,112447,,46 Xi Pegasi,81657,46 Xi Pegasi,Gl 872,,215648,8665,,F7V,16.2,1.9,12.2,-10.5,3.13578746
1169,0,,Gl 73,85901,,Gl 73,,,-,,M3,16.3,-9.1,7.3,-11.5,13.04375711
1170,0,,GJ 1133,86505,,GJ 1133,,,-,,DA7,16.3,-9.3,6.3,11.8,13.65084186
1171,0,,Gl 405,86548,,Gl 405,,,-,,M1.5,16.3,-8.2,4.7,13.3,11.66084186
1172,0,,NN 3836,86795,,NN 3836,,,-,,M2.5,16.3,0.6,6.7,14.8,10.53730237
1173,0,,Gl 607,86898,,Gl 607,,,-,,M3,16.3,7.1,8.2,12.2,11.44375711
1174,0,,Gl 699.1,87040,,Gl 699.1,,,-,,DA7,16.3,-6,12.9,7.8,13.24437558
1175,2120,1,Gl 21,1518,,Gl 21,,,,,M0,16.3,-8.3,13.9,2.1,9.460488167
1176,4927,,GJ 1026,3455,,GJ 1026,,,,,M,16.3,-7.2,9.6,-11.1,10.8148213
1177,7765,,Hip 7765,5426,,,,10182,,,K0,16.3,-8.7,7.3,-11.7,7.617302373
1178,17405,,Gl 150.1,12181,,Gl 150.1,,,,,M1,16.3,-14,2.1,-8,8.900841856
1179,17695,,Hip 17695,12388,,,,,,,,16.3,-12.1,-2.1,-10.7,10.53260944
1180,31300,,Gl 238,22634,,Gl 238,,,,,M,16.3,-0.6,-14.8,-6.9,10.55659378
1181,47619,1,NN 3563,35315,,NN 3563,,,,,,16.3,-4.3,-14.2,6.9,10.89907284
1182,52296,1,GJ 1135,38779,,GJ 1135,,,,,M0V,16.3,1.6,-15.3,5.3,8.907302373
1183,52341,,GJ 1136,38809,,GJ 1136,,,,,K7V,16.3,1.6,-15.3,5.4,9.123047363
1184,65520,1,Gl 510,47808,,Gl 510,,,,,M,16.3,9,-10,9.1,9.964375579
1185,0,,NN 3015 B,85770,,NN 3015 B,,,-,,m,16.4,-8.1,13.3,5,16.32664918
1186,0,,GJ 1011,85788,,GJ 1011,,,-,,k-m,16.4,-5.4,11.7,-10.1,13.20020605
1187,0,,NN 3105,85894,,NN 3105,,,-,,m,16.4,-10,10.1,-8.2,12.83664918
1188,0,,NN 3180,85987,,NN 3180,,,-,,m,16.4,-9.4,0.2,-13.4,14.78664918
1189,0,,NN 3243,86062,,NN 3243,,,-,,m,16.4,3,-11.9,-10.9,10.87664918
1190,0,,Gl 332 B,86409,,Gl 332 B,,,-,,G5 V,16.4,-12.4,0,10.8,5.10165974
1191,0,,NN 3553,86446,,NN 3553,,,-,,m,16.4,-8.9,-10.2,9.3,12.2495179
1192,0,,NN 3566,86471,,NN 3566,,,-,,m,16.4,-6.5,-11.7,9.5,13.07664918
1193,0,,NN 3758,86697,,NN 3758,,,-,,M3.5,16.4,5.3,-7.1,13.8,11.46664918
1194,0,,NN 3808,86765,,NN 3808,,,-,,m,16.4,6.8,-3,14.6,13.26664918
1195,0,,Gl 552.1,86817,,Gl 552.1,,,-,,k-m,16.4,12,-11.1,1.7,10.55664918
1196,0,,Gl 560 B,86823,,Gl 560 B,,,-,,K5 V,16.4,11.4,-11.7,-1.3,7.395580975
1197,0,,NN 3871,86833,,NN 3871,,,-,,k,16.4,8.5,1.7,13.9,10.53664918
1198,0,,NN 3929,86893,,NN 3929,,,-,,M6 :,16.4,5.8,8.9,12.5,11.61664918
1199,0,,Gl 678 B,87005,,Gl 678 B,,,-,,G8 IV-V,16.4,14.5,6,4.9,5.119517896
1200,16069,,Gl 143,11276,,Gl 143,,21749,,,K5V,16.4,1.8,-11.3,-11.7,6.9291396
1201,32769,1,BD+60°1003,23783,,Gl 247,BD+60°1003,48948,,,M0p,16.4,-13.7,6.3,6.5,7.505224792
1202,43948,1,BD+12°1944,32474,,Gl 330,BD+12°1944,,,,M5,16.4,-11,-8.2,9,9.526293167
1203,44248,,Gl 332,32713,,Gl 332,,76943,3579,,F5V,16.4,-12.4,0,10.8,3.03165974
1204,67308,,GJ 1177,49045,,GJ 1177,,120036,,,K5/M1V+K5,16.4,10.4,-9.9,7.9,7.8691396
1205,67742,1,Gl 531,49323,,Gl 531,,120780,,,K1V,16.4,10.9,-11.9,3.1,6.30165974
1206,71908,,Alpha Circini,52082,Alpha Circini,Gl 560,,128898,5463,,F1Vp,16.4,11.4,-11.7,-1.3,2.115580975
1207,81018,,GJ 1203,58269,,GJ 1203,,,,,K:,16.4,11.6,6.3,9.7,11.10949514
1208,85667,,Gl 678,61654,,Gl 678,,158614,6516,,G8IV-V,16.4,14.5,6,4.9,4.899517896
1209,91009,,Gl 719,65607,,Gl 719,,234677,,,K7Vvar,16.4,2.5,14.8,6.6,7.023086463
1210,105341,1,BD-20°6185,76526,,Gl 826.1,BD-20°6185,203040,,,K5V,16.4,10.7,6.1,-10.8,8.048072625
1211,108752,1,Gl 844,79052,,Gl 844,,,,,M2,16.4,3.8,13.7,-8.2,9.544512249
1212,5812,1,NN 3082,4051,,NN 3082,,,,,M4,16.5,3.2,-6.8,-14.6,10.00808883
1213,6005,1,GJ 1036,4187,,GJ 1036,,,,,,16.5,0.1,-2.9,-16.2,10.33272142
1214,12351,,GJ 1049,8640,,GJ 1049,,,,,M0Ve,16.5,1.6,-9.7,-13.3,8.559135765
1215,23147,,Gl 181,16358,,Gl 181,,,,,M2,16.5,-15.3,6.3,1.3,8.688058912
1216,32480,1,56 Psi 5 Aurigae,23551,56 Psi 5 Aurigae,Gl 245,BD+43°1595,48682,2483,,G0V,16.5,-15.6,2.1,5,4.150929332
1217,43534,,Gl 322,32147,,Gl 322,,,,,K5,16.5,-11.3,6.8,9.9,8.193437841
1218,70956,,Gl 553,51459,,Gl 553,,127339,,,K7V,16.5,10.6,-3.8,12.1,8.30985337
1219,117383,1,Gl 907,85088,,Gl 907,,,,,M1,16.5,-6.1,14.9,-3.6,10.98092933
1220,0,,Gl 98 B,85957,,Gl 98 B,,,-,,K7 V,16.6,-10,3.1,-12.9,8.398703756
1221,0,,GJ 2095,86671,,GJ 2095,,,-,,DA6,16.6,8.3,-13.8,3.7,12.86518469
1222,0,,NN 3937,86905,,NN 3937,,,-,,dM4.5-5,16.6,13.9,1.1,8.9,14.41518469
1223,0,,Gl 762,87141,,Gl 762,,,-,,m+,16.6,13,-6.4,-8,11.06798246
1224,0,,Gl 905.2B,87448,,Gl 905.2B,,,-,,DA4,16.6,-4.2,14,-7.9,11.79473364
1225,11452,,Gl 98,8005,,Gl 98,,15285,,,K7V:,16.6,-10,3.1,-12.9,8.258703756
1226,39987,,Gl 298,29377,,Gl 298,,,,,M,16.6,-0.7,-16.3,-3.1,10.66906432
1227,68682,,Gl 538,49956,,Gl 538,,122742,5273,,G8V,16.6,6.6,-0.9,15.2,5.199424816
1228,69064,,Gl 540,50204,,Gl 540,,,,,M2,16.6,-6.5,11.7,9.7,9.255184693
1229,71395,,NN 3860,51744,,NN 3860,,128311,,,K0,16.6,8.3,0.4,14.3,6.403386372
1230,82099,,NN 3972,59039,,NN 3972,,,,,M:,16.6,11.2,7.7,9.5,10.55302653
1231,110719,,Hip 110719,80483,,,,212168,8526,,,16.6,9,-9.3,-10.4,8.249424816
1232,117059,1,Gl 905.2,84863,,Gl 905.2,,,,,M5,16.6,-4.2,14,-7.9,10.56473364
1233,0,,GJ 1025,85842,,GJ 1025,,,-,,,16.7,-4.1,5,-15.4,12.21075625
1234,0,,NN 3142,85935,,NN 3142,,,-,,m,16.7,-8.7,2.8,-13.9,12.39075625
1235,0,,Gl 101,85963,,Gl 101,,,-,,M3.5,16.7,-12,11.5,-0.8,12.10075625
1236,0,,Gl 130,86017,,Gl 130,,,-,,M3,16.7,-4,-7.7,-14.2,10.35075625
1237,0,,NN 3225,86038,,NN 3225,,,-,,m,16.7,-14,3.4,-8.4,13.85075625
1238,0,,NN 3286,86121,,NN 3286,,,-,,M3.5,16.7,-5.3,-10.7,-11.7,12.99075625
1239,0,,GJ 2040,86189,,GJ 2040,,242703,-,,M0 V,16.7,-15,-5,-5.3,8.750756252
1240,0,,Gl 291 B,86327,,Gl 291 B,,,-,,G4 V,16.7,-10.1,-13.1,1.9,5.060032307
1241,0,,NN 3491,86357,,NN 3491,,,-,,k,16.7,-14,-2.8,8.6,10.11075625
1242,0,,NN 3514,86388,,NN 3514,,,-,,m,16.7,-12,5.6,10.2,14.06075625
1243,0,,NN 3630,86546,,NN 3630,,,-,,m,16.7,-3.5,-9.9,12.9,12.74075625
1244,0,,NN 3659,86583,,NN 3659,,,-,,M3,16.7,1.2,-12.7,10.7,11.94075625
1245,0,,NN 3672,86594,,NN 3672,,,-,,m,16.7,0.1,-10.2,13.2,13.99075625
1246,0,,NN 3681,86600,,NN 3681,,,-,,M3.5,16.7,-2.3,-5.3,15.6,11.47075625
1247,0,,NN 3692,86616,,NN 3692,,,-,,M4,16.7,4.6,-13.7,8.3,12.50075625
1248,0,,NN 3731,86662,,NN 3731,,,-,,M3.5,16.7,3.6,-8.3,14,11.89075625
1249,0,,NN 3732 B,86663,,NN 3732 B,,,-,,M3.5:,16.7,3.6,-8.3,14,13.14075625
1250,0,,NN 3762,86702,,NN 3762,,,-,,m,16.7,0.2,1.4,16.6,14.37075625
1251,0,,NN 3786,86728,,NN 3786,,,-,,M4,16.7,9.5,-10.6,8.6,12.49075625
1252,0,,NN 3878,86839,,NN 3878,,,-,,M5,16.7,7.8,3.1,14.4,14.39075625
1253,0,,NN 3879 B,86840,,NN 3879 B,,,-,,M7 :,16.7,7.8,3.1,14.4,17.49075625
1254,0,,GJ 2112,86863,,GJ 2112,,,-,,M3 :,16.7,14.2,-5.4,6.8,12.17075625
1255,0,,NN 3960,86935,,NN 3960,,,-,,m,16.7,12.3,5.9,9.6,11.94075625
1256,0,,NN 4003,86995,,NN 4003,,,-,,m,16.7,10.6,10.1,8,12.73075625
1257,0,,NN 4013,87011,,NN 4013,,,-,,k-m,16.7,16.7,-0.5,0.2,9.830756252
1258,0,,GJ 1222,87034,,GJ 1222,,,-,,m,16.7,13.5,8.8,4.6,11.99350592
1259,0,,NN 4113,87142,,NN 4113,,,-,,M2.5,16.7,4.9,15.7,2.7,10.59075625
1260,0,,NN 4132,87175,,NN 4132,,,-,,k-m,16.7,13,8.7,-5.7,12.29075625
1261,0,,NN 4202,87274,,NN 4202,,,-,,M3.5,16.7,8.8,9.5,-10.5,12.90075625
1262,0,,NN 4267,87338,,NN 4267,,,-,,m,16.7,-5.1,15.7,2.3,11.79075625
1263,0,,NN 4385,87471,,NN 4385,,,-,,m,16.7,-6.6,14.8,-4.1,14.98350592
1264,746,,Caph,544,11 Beta Cassiopeiae,Gl 8,,432,21,Caph,F2III-IV,16.7,-7.7,14.8,-1,1.156771565
1265,19076,,39 Tau,13364,39 Tau,Gl 160,,25680,1262,,G5V,16.7,-15.3,2.3,-6.3,4.783142767
1266,29568,,NN 3389,21217,,NN 3389,,43162,2225,,G5V,16.7,-10,-12.3,-5.3,5.267134112
1267,38382,,9 Puppis,28142,9 Puppis,Gl 291,,64096,3064,,G2V,16.7,-10.1,-13.1,1.9,4.610032307
1268,92451,1,NN 4079,66697,,NN 4079,,,,,M3,16.7,13.7,-6.8,-6.7,9.608583693
1269,95995,,Gl 762.1,69413,,Gl 762.1,,184467,,,K1V,16.7,-0.1,15.9,5.2,5.474957924
1270,0,,GJ 1058,86030,,GJ 1058,,,-,,m,16.8,-12.3,0.2,-11.4,13.64893222
1271,0,,Gl 645,86960,,Gl 645,,,-,,M1,16.8,16.3,-3.6,1.1,10.3162313
1272,6379,,Gl 56.5,4447,,Gl 56.5,,7924,,,K0,16.8,-9.3,13.4,4.1,5.981124524
1273,26081,,Gl 207.1,18509,,Gl 207.1,,,,,M2.5Ve,16.8,-15,-6.1,-4.7,10.40075929
1274,39157,,Gl 295,28736,,Gl 295,,65583,,,G8V,16.8,-14.6,-3.2,7.6,5.873314613
1275,52186,1,Gl 399,38709,,Gl 399,,,,,M,16.8,-3.2,-11.8,11.5,10.17112452
1276,63550,1,NN 3759,46496,,NN 3759,,,,,,16.8,9.4,-13.9,-0.1,9.821124524
1277,65355,1,BD+03°2766,47692,,NN 3782 B,BD+03°2766,116443,,,G5,16.8,5.7,-4.5,15.1,6.234773445
1278,67960,1,GJ 1181,49483,,GJ 1181,,121271,,,K5/M0V,16.8,10.8,-9.3,8.8,8.465138
1279,70529,,Gl 548,51175,,Gl 548,,,,,M1,16.8,5.4,3,15.6,8.624044152
1280,80268,1,Gl 620,57753,,Gl 620,,,,,M2,16.8,15.9,-2.1,5,9.101124524
1281,99427,,Gl 786,72061,,Gl 786,,193202,,,K5,16.8,-5.3,14.6,6.3,7.753679413
1282,0,,GJ 1042,85933,,GJ 1042,,,-,,DZ7,16.9,-12,10.4,-5.9,13.38160853
1283,0,,NN 3173,85978,,NN 3173,,,-,,DA8,16.9,-11,3.1,-12.5,13.94426006
1284,0,,NN 3241,86058,,NN 3241,,,-,,dM3.1,16.9,-14.9,4.1,-6.9,11.64426006
1285,0,,Gl 168.2,86109,,Gl 168.2,,,-,,m,16.9,-15.8,1,-6,14.6279374
1286,0,,NN 3328,86168,,NN 3328,,,-,,g,16.9,-15.2,-4.4,-6.1,10.39426006
1287,0,,Gl 200 B,86185,,Gl 200 B,,,-,,M2,16.9,-14.2,-6.6,-6.3,10.56490725
1288,0,,NN 3482 B,86347,,NN 3482 B,,,-,,m,16.9,-14.2,-5.5,7.4,9.854260058
1289,0,,NN 3545,86436,,NN 3545,,,-,,m,16.9,3,-16.5,-2.6,11.55426006
1290,0,,NN 3599,86508,,NN 3599,,,-,,k-m,16.9,-8.2,-3.9,14.3,12.04426006
1291,0,,Gl 414.1B,86564,,Gl 414.1B,,,-,,M3,16.9,-7.2,1.6,15.2,10.67462807
1292,0,,NN 3673,86595,,NN 3673,,,-,,m,16.9,-5.7,0.9,16,11.96426006
1293,0,,NN 3684,86605,,NN 3684,,,-,,m,16.9,-7.7,8.9,12.2,12.45426006
1294,0,,NN 3843,86805,,NN 3843,,,-,,M3,16.9,9.5,-2.7,13.8,12.00426006
1295,0,,Gl 781.3,87184,,Gl 781.3,,,-,,DA6,16.9,14.2,5.4,-7.6,13.29426006
1296,0,,GJ 1251,87193,,GJ 1251,,,-,,M4.5,16.9,10.6,-9.8,-8.9,12.67426006
1297,0,,NN 4176,87236,,NN 4176,,,-,,m,16.9,3.7,16.4,-2.5,11.14426006
1298,0,,NN 4177 B,87237,,NN 4177 B,,,-,,m,16.9,3.7,16.4,-2.5,11.97426006
1299,0,,NN 4184,87253,,NN 4184,,,-,,m,16.9,4.6,15.7,-4.6,10.98426006
1300,0,,NN 4219,87293,,NN 4219,,,-,,M3.5,16.9,-0.9,16.9,-1.6,12.21426006
1301,0,,NN 4282,87364,,NN 4282,,,-,,M3,16.9,5.9,8.3,-13.5,11.26426006
1302,0,,NN 4381,87470,,NN 4381,,,-,,m,16.9,-5.7,14.5,-6.6,11.49426006
1303,6351,,Gl 57,4428,,Gl 57,,,,,K5,16.9,0.9,-4.5,-16.2,9.004907252
1304,24819,,Gl 200,17572,,Gl 200,,34673,,,K3V,16.9,-14.2,-6.6,-6.3,6.564907252
1305,35136,,GJ 1095,25609,,GJ 1095,,55575,2721,,G0V,16.9,-15.2,2.6,6.7,4.50563962
1306,53953,,GJ 1141 B,39950,,GJ 1141 B,,,,,M2V:,16.9,-5,-5.9,15,10.49563962
1307,54658,1,Gl 414.1,40467,,Gl 414.1,,,,,M4,16.9,-7.2,1.6,15.2,10.32462807
1308,66182,,Hip 66182,48251,,,,,,,,16.9,10.6,-12.9,2.6,11.8179374
1309,82588,,Gl 641,59397,,Gl 641,,152391,,,G8V,16.9,14.4,4.8,7.4,5.495731744
1310,113718,1,BD-04°5804,82531,,Gl 886,BD-04°5804,217580,,,K4V,16.9,3.4,9.1,-13.9,6.315731744
1311,116085,1,BD+58°2605,84184,,Gl 895.4,BD+58°2605,221354,,,K2V,16.9,-6.5,15.5,-0.6,5.60563962
